Season,Region,County,CDC Week,Week Ending Date,Disease,Count,County Centroid,FIPS
2010-2011,NYC,NEW YORK,46,11/20/2010,INFLUENZA_A,15,"(40.7831, -73.9712)",36061
2010-2011,NYC,NEW YORK,50,12/18/2010,INFLUENZA_B,0,"(40.7831, -73.9712)",36061
2010-2011,NYC,RICHMOND,41,10/16/2010,INFLUENZA_A,0,"(40.5795, -74.1502)",36085
2011-2012,NYC,KINGS,42,10/22/2011,INFLUENZA_A,0,"(40.6782, -73.9442)",36047
2012-2013,WESTERN,SENECA,14,04/06/2013,INFLUENZA_A,0,"(42.7652, -76.8721)",36099
2014-2015,WESTERN,WAYNE,3,01/24/2015,INFLUENZA_B,2,"(43.202, -77.0104)",36117
2014-2015,NYC,RICHMOND,17,05/02/2015,INFLUENZA_B,0,"(40.5795, -74.1502)",36085
2017-2018,NYC,RICHMOND,41,10/14/2017,INFLUENZA_A,0,"(40.5795, -74.1502)",36085
2017-2018,NYC,BRONX,44,11/04/2017,INFLUENZA_A,6,"(40.8448, -73.8648)",36005
2017-2018,METRO,PUTNAM,52,12/30/2017,INFLUENZA_A,8,"(41.4351, -73.7949)",36079
2011-2012,CAPITAL DISTRICT,SCHENECTADY,13,03/31/2012,INFLUENZA_A,1,"(42.8175421, -74.0435834)",36093
2009-2010,WESTERN,CATTARAUGUS,7,02/20/2010,INFLUENZA_UNSPECIFIED,0,"(42.2448527, -78.6810055)",36009
2010-2011,CENTRAL,JEFFERSON,5,02/05/2011,INFLUENZA_B,0,"(44.0607, -75.9928)",36045
2013-2014,CENTRAL,ONONDAGA,51,12/21/2013,INFLUENZA_UNSPECIFIED,0,"(43.0065299, -76.1961167)",36067
2009-2010,WESTERN,ORLEANS,14,04/10/2010,INFLUENZA_UNSPECIFIED,0,"(43.209007, -78.254897)",36073
2011-2012,METRO,ULSTER,41,10/15/2011,INFLUENZA_A,0,"(41.9472321, -74.265447)",36111
2012-2013,WESTERN,WYOMING,6,02/09/2013,INFLUENZA_A,2,"(42.7013627, -78.2285667)",36121
2012-2013,WESTERN,ERIE,50,12/15/2012,INFLUENZA_A,19,"(42.752759, -78.7781922)",36029
2011-2012,WESTERN,ORLEANS,44,11/05/2011,INFLUENZA_A,0,"(43.209007, -78.254897)",36073
2013-2014,CAPITAL DISTRICT,COLUMBIA,15,04/12/2014,INFLUENZA_A,1,"(42.2477286, -73.6268046)",36021
2012-2013,CENTRAL,TOMPKINS,42,10/20/2012,INFLUENZA_UNSPECIFIED,0,"(42.4532811, -76.4737116)",36109
2011-2012,CENTRAL,BROOME,40,10/08/2011,INFLUENZA_B,0,"(42.1619773, -75.830291)",36007
2011-2012,CENTRAL,HERKIMER,51,12/24/2011,INFLUENZA_A,0,"(43.1631, -74.8741)",36043
2009-2010,NYC,QUEENS,42,10/24/2009,INFLUENZA_A,26,"(40.7282, -73.7949)",36081
2009-2010,WESTERN,LIVINGSTON,20,05/22/2010,INFLUENZA_UNSPECIFIED,0,"(42.7274845, -77.7697795)",36051
2010-2011,WESTERN,SCHUYLER,7,02/19/2011,INFLUENZA_UNSPECIFIED,0,"(42.419776, -76.9386038)",36097
2013-2014,CAPITAL DISTRICT,MONTGOMERY,47,11/23/2013,INFLUENZA_UNSPECIFIED,0,"(42.9008912, -74.4353575)",36057
2011-2012,CAPITAL DISTRICT,CLINTON,6,02/11/2012,INFLUENZA_UNSPECIFIED,0,"(44.7527103, -73.7056478)",36019
2012-2013,WESTERN,ALLEGANY,18,05/04/2013,INFLUENZA_A,0,"(42.2478938, -78.0261758)",36003
2013-2014,WESTERN,GENESEE,17,04/26/2014,INFLUENZA_A,0,"(43.0009096, -78.1927784)",36037
2012-2013,METRO,ROCKLAND,41,10/13/2012,INFLUENZA_A,1,"(41.1547851, -74.0247721)",36087
2011-2012,NYC,KINGS,47,11/26/2011,INFLUENZA_B,2,"(40.6782, -73.9442)",36047
2009-2010,CAPITAL DISTRICT,FULTON,20,05/22/2010,INFLUENZA_B,0,"(43.1156093, -74.4236782)",36035
2009-2010,CENTRAL,CORTLAND,10,03/13/2010,INFLUENZA_UNSPECIFIED,0,"(42.5938237, -76.0762647)",36023
2010-2011,METRO,DUTCHESS,17,04/30/2011,INFLUENZA_UNSPECIFIED,0,"(41.7550085, -73.7399512)",36027
2009-2010,WESTERN,WAYNE,50,12/19/2009,INFLUENZA_UNSPECIFIED,0,"(43.202, -77.0104)",36117
2012-2013,CAPITAL DISTRICT,MONTGOMERY,6,02/09/2013,INFLUENZA_B,0,"(42.9008912, -74.4353575)",36057
2012-2013,CENTRAL,ONEIDA,9,03/02/2013,INFLUENZA_B,2,"(43.2427273, -75.4342824)",36065
2011-2012,WESTERN,CATTARAUGUS,42,10/22/2011,INFLUENZA_UNSPECIFIED,0,"(42.2448527, -78.6810055)",36009
2010-2011,WESTERN,SCHUYLER,6,02/12/2011,INFLUENZA_UNSPECIFIED,0,"(42.419776, -76.9386038)",36097
2010-2011,CAPITAL DISTRICT,FULTON,52,01/01/2011,INFLUENZA_B,0,"(43.1156093, -74.4236782)",36035
2013-2014,WESTERN,MONROE,6,02/08/2014,INFLUENZA_B,1,"(43.174966, -77.639663)",36055
2011-2012,NYC,QUEENS,11,03/17/2012,INFLUENZA_B,3,"(40.7282, -73.7949)",36081
2012-2013,NYC,KINGS,7,02/16/2013,INFLUENZA_UNSPECIFIED,2,"(40.6782, -73.9442)",36047
2011-2012,METRO,ROCKLAND,1,01/07/2012,INFLUENZA_A,0,"(41.1547851, -74.0247721)",36087
2009-2010,WESTERN,YATES,50,12/19/2009,INFLUENZA_B,0,"(42.6431, -77.1485)",36123
2010-2011,WESTERN,STEUBEN,14,04/09/2011,INFLUENZA_UNSPECIFIED,0,"(42.2667252, -77.3855253)",36101
2013-2014,CAPITAL DISTRICT,SCHENECTADY,46,11/16/2013,INFLUENZA_UNSPECIFIED,0,"(42.8175421, -74.0435834)",36093
2009-2010,CAPITAL DISTRICT,WARREN,16,04/24/2010,INFLUENZA_B,0,"(43.5551053, -73.8381388)",36113
2011-2012,WESTERN,STEUBEN,51,12/24/2011,INFLUENZA_UNSPECIFIED,0,"(42.2667252, -77.3855253)",36101
2010-2011,CAPITAL DISTRICT,RENSSELAER,45,11/13/2010,INFLUENZA_UNSPECIFIED,0,"(42.7104206, -73.5138454)",36083
2009-2010,CAPITAL DISTRICT,ALBANY,13,04/03/2010,INFLUENZA_A,0,"(42.5882713, -73.9740136)",36001
2012-2013,CAPITAL DISTRICT,FRANKLIN,6,02/09/2013,INFLUENZA_A,1,"(44.5943743, -74.3106698)",36033
2009-2010,CAPITAL DISTRICT,COLUMBIA,50,12/19/2009,INFLUENZA_A,0,"(42.2477286, -73.6268046)",36021
2013-2014,WESTERN,ONTARIO,19,05/10/2014,INFLUENZA_A,3,"(42.8566949, -77.3032768)",36069
2012-2013,CAPITAL DISTRICT,RENSSELAER,17,04/27/2013,INFLUENZA_B,0,"(42.7104206, -73.5138454)",36083
2009-2010,WESTERN,WYOMING,51,12/26/2009,INFLUENZA_UNSPECIFIED,0,"(42.7013627, -78.2285667)",36121
2011-2012,CENTRAL,HERKIMER,12,03/24/2012,INFLUENZA_B,0,"(43.1631, -74.8741)",36043
2012-2013,CENTRAL,TOMPKINS,42,10/20/2012,INFLUENZA_A,0,"(42.4532811, -76.4737116)",36109
2009-2010,CAPITAL DISTRICT,DELAWARE,20,05/22/2010,INFLUENZA_UNSPECIFIED,0,"(42.1939865, -74.966728)",36025
2009-2010,CAPITAL DISTRICT,COLUMBIA,43,10/31/2009,INFLUENZA_A,14,"(42.2477286, -73.6268046)",36021
2013-2014,CENTRAL,CAYUGA,45,11/09/2013,INFLUENZA_B,0,"(43.0085456, -76.5745866)",36011
2009-2010,CAPITAL DISTRICT,HAMILTON,17,05/01/2010,INFLUENZA_UNSPECIFIED,0,"(43.6578786, -74.5024556)",36041
2010-2011,CAPITAL DISTRICT,GREENE,49,12/11/2010,INFLUENZA_A,0,"(42.2869511, -74.1494949)",36039
2009-2010,METRO,PUTNAM,45,11/14/2009,INFLUENZA_A,126,"(41.4351, -73.7949)",36079
2010-2011,WESTERN,ONTARIO,45,11/13/2010,INFLUENZA_B,0,"(42.8566949, -77.3032768)",36069
2011-2012,CENTRAL,HERKIMER,8,02/25/2012,INFLUENZA_UNSPECIFIED,0,"(43.1631, -74.8741)",36043
2011-2012,WESTERN,SENECA,20,05/19/2012,INFLUENZA_B,0,"(42.7652, -76.8721)",36099
2012-2013,METRO,PUTNAM,5,02/02/2013,INFLUENZA_UNSPECIFIED,0,"(41.4351, -73.7949)",36079
2012-2013,CENTRAL,ONEIDA,42,10/20/2012,INFLUENZA_A,1,"(43.2427273, -75.4342824)",36065
2010-2011,CAPITAL DISTRICT,OTSEGO,6,02/12/2011,INFLUENZA_B,3,"(42.6297762, -75.028841)",36077
2010-2011,METRO,ULSTER,40,10/09/2010,INFLUENZA_A,0,"(41.9472321, -74.265447)",36111
2009-2010,CAPITAL DISTRICT,SCHENECTADY,40,10/10/2009,INFLUENZA_B,0,"(42.8175421, -74.0435834)",36093
2012-2013,METRO,ORANGE,14,04/06/2013,INFLUENZA_B,8,"(41.4024096, -74.3062522)",36071
2011-2012,CAPITAL DISTRICT,WASHINGTON,14,04/07/2012,INFLUENZA_A,0,"(43.3123766, -73.4394282)",36115
2011-2012,CENTRAL,CHENANGO,8,02/25/2012,INFLUENZA_A,0,"(42.489732, -75.6049051)",36017
2012-2013,METRO,PUTNAM,46,11/17/2012,INFLUENZA_B,0,"(41.4351, -73.7949)",36079
2013-2014,CAPITAL DISTRICT,FULTON,14,04/05/2014,INFLUENZA_B,1,"(43.1156093, -74.4236782)",36035
2009-2010,NYC,NEW YORK,49,12/12/2009,INFLUENZA_UNSPECIFIED,1,"(40.7831, -73.9712)",36061
2013-2014,CAPITAL DISTRICT,OTSEGO,46,11/16/2013,INFLUENZA_A,0,"(42.6297762, -75.028841)",36077
2011-2012,CAPITAL DISTRICT,SCHENECTADY,19,05/12/2012,INFLUENZA_UNSPECIFIED,0,"(42.8175421, -74.0435834)",36093
2013-2014,CAPITAL DISTRICT,GREENE,44,11/02/2013,INFLUENZA_UNSPECIFIED,0,"(42.2869511, -74.1494949)",36039
2009-2010,CAPITAL DISTRICT,SCHOHARIE,44,11/07/2009,INFLUENZA_UNSPECIFIED,0,"(42.591294, -74.4381718)",36095
2013-2014,CENTRAL,HERKIMER,9,03/01/2014,INFLUENZA_UNSPECIFIED,0,"(43.1631, -74.8741)",36043
2010-2011,NYC,BRONX,18,05/07/2011,INFLUENZA_A,1,"(40.8448, -73.8648)",36005
2009-2010,NYC,RICHMOND,13,04/03/2010,INFLUENZA_B,0,"(40.5795, -74.1502)",36085
2011-2012,WESTERN,ALLEGANY,45,11/12/2011,INFLUENZA_B,0,"(42.2478938, -78.0261758)",36003
2012-2013,WESTERN,WYOMING,15,04/13/2013,INFLUENZA_UNSPECIFIED,0,"(42.7013627, -78.2285667)",36121
2009-2010,WESTERN,GENESEE,3,01/23/2010,INFLUENZA_UNSPECIFIED,0,"(43.0009096, -78.1927784)",36037
2013-2014,METRO,ROCKLAND,9,03/01/2014,INFLUENZA_UNSPECIFIED,0,"(41.1547851, -74.0247721)",36087
2010-2011,WESTERN,ONTARIO,18,05/07/2011,INFLUENZA_UNSPECIFIED,0,"(42.8566949, -77.3032768)",36069
2013-2014,CAPITAL DISTRICT,HAMILTON,43,10/26/2013,INFLUENZA_B,0,"(43.6578786, -74.5024556)",36041
2012-2013,WESTERN,SCHUYLER,50,12/15/2012,INFLUENZA_A,6,"(42.419776, -76.9386038)",36097
2013-2014,WESTERN,CATTARAUGUS,47,11/23/2013,INFLUENZA_B,0,"(42.2448527, -78.6810055)",36009
2011-2012,WESTERN,ALLEGANY,41,10/15/2011,INFLUENZA_A,0,"(42.2478938, -78.0261758)",36003
2009-2010,CENTRAL,OSWEGO,14,04/10/2010,INFLUENZA_B,0,"(43.4614428, -76.209258)",36075
2012-2013,CAPITAL DISTRICT,SARATOGA,15,04/13/2013,INFLUENZA_A,1,"(43.1061353, -73.8553872)",36091
2012-2013,CAPITAL DISTRICT,SCHENECTADY,12,03/23/2013,INFLUENZA_A,0,"(42.8175421, -74.0435834)",36093
2013-2014,WESTERN,ONTARIO,17,04/26/2014,INFLUENZA_B,4,"(42.8566949, -77.3032768)",36069
2013-2014,WESTERN,MONROE,5,02/01/2014,INFLUENZA_B,9,"(43.174966, -77.639663)",36055
2009-2010,CENTRAL,LEWIS,46,11/21/2009,INFLUENZA_A,1,"(43.7863965, -75.4426165)",36049
2009-2010,CAPITAL DISTRICT,SARATOGA,51,12/26/2009,INFLUENZA_B,0,"(43.1061353, -73.8553872)",36091
2012-2013,WESTERN,WAYNE,7,02/16/2013,INFLUENZA_B,6,"(43.202, -77.0104)",36117
2012-2013,METRO,DUTCHESS,10,03/09/2013,INFLUENZA_A,4,"(41.7550085, -73.7399512)",36027
2010-2011,WESTERN,NIAGARA,12,03/26/2011,INFLUENZA_UNSPECIFIED,0,"(43.203001, -78.71083)",36063
2011-2012,CAPITAL DISTRICT,ALBANY,15,04/14/2012,INFLUENZA_A,4,"(42.5882713, -73.9740136)",36001
2010-2011,CENTRAL,ONONDAGA,6,02/12/2011,INFLUENZA_UNSPECIFIED,0,"(43.0065299, -76.1961167)",36067
2009-2010,CAPITAL DISTRICT,RENSSELAER,9,03/06/2010,INFLUENZA_UNSPECIFIED,0,"(42.7104206, -73.5138454)",36083
2010-2011,WESTERN,NIAGARA,7,02/19/2011,INFLUENZA_B,1,"(43.203001, -78.71083)",36063
2013-2014,CAPITAL DISTRICT,RENSSELAER,51,12/21/2013,INFLUENZA_A,1,"(42.7104206, -73.5138454)",36083
2012-2013,CAPITAL DISTRICT,FRANKLIN,12,03/23/2013,INFLUENZA_B,0,"(44.5943743, -74.3106698)",36033
2011-2012,CAPITAL DISTRICT,FULTON,9,03/03/2012,INFLUENZA_A,0,"(43.1156093, -74.4236782)",36035
2011-2012,WESTERN,ERIE,42,10/22/2011,INFLUENZA_UNSPECIFIED,0,"(42.752759, -78.7781922)",36029
2011-2012,WESTERN,CATTARAUGUS,4,01/28/2012,INFLUENZA_UNSPECIFIED,0,"(42.2448527, -78.6810055)",36009
2011-2012,NYC,NEW YORK,16,04/21/2012,INFLUENZA_A,14,"(40.7831, -73.9712)",36061
2012-2013,CAPITAL DISTRICT,GREENE,43,10/27/2012,INFLUENZA_A,0,"(42.2869511, -74.1494949)",36039
2013-2014,WESTERN,ERIE,15,04/12/2014,INFLUENZA_B,11,"(42.752759, -78.7781922)",36029
2010-2011,METRO,SULLIVAN,10,03/12/2011,INFLUENZA_B,0,"(41.7201763, -74.7646796)",36105
2013-2014,WESTERN,ONTARIO,3,01/18/2014,INFLUENZA_B,1,"(42.8566949, -77.3032768)",36069
2011-2012,WESTERN,CHAUTAUQUA,11,03/17/2012,INFLUENZA_A,1,"(42.3042159, -79.4075949)",36013
2009-2010,WESTERN,MONROE,4,01/30/2010,INFLUENZA_UNSPECIFIED,0,"(43.174966, -77.639663)",36055
2011-2012,METRO,NASSAU,8,02/25/2012,INFLUENZA_A,9,"(40.7506561, -73.582905)",36059
2010-2011,CAPITAL DISTRICT,FULTON,50,12/18/2010,INFLUENZA_UNSPECIFIED,0,"(43.1156093, -74.4236782)",36035
2011-2012,CENTRAL,ST LAWRENCE,43,10/29/2011,INFLUENZA_B,1,"(44.4881125, -75.074311)",36089
2011-2012,WESTERN,CHAUTAUQUA,5,02/04/2012,INFLUENZA_UNSPECIFIED,0,"(42.3042159, -79.4075949)",36013
2013-2014,CAPITAL DISTRICT,OTSEGO,43,10/26/2013,INFLUENZA_A,0,"(42.6297762, -75.028841)",36077
2009-2010,CENTRAL,BROOME,1,01/09/2010,INFLUENZA_B,0,"(42.1619773, -75.830291)",36007
2013-2014,CENTRAL,ST LAWRENCE,7,02/15/2014,INFLUENZA_B,0,"(44.4881125, -75.074311)",36089
2013-2014,METRO,NASSAU,13,03/29/2014,INFLUENZA_UNSPECIFIED,0,"(40.7506561, -73.582905)",36059
2012-2013,WESTERN,ONTARIO,51,12/22/2012,INFLUENZA_A,48,"(42.8566949, -77.3032768)",36069
2009-2010,CAPITAL DISTRICT,MONTGOMERY,20,05/22/2010,INFLUENZA_UNSPECIFIED,0,"(42.9008912, -74.4353575)",36057
2013-2014,CENTRAL,MADISON,9,03/01/2014,INFLUENZA_A,7,"(42.9100255, -75.6635749)",36053
2013-2014,WESTERN,LIVINGSTON,44,11/02/2013,INFLUENZA_B,0,"(42.7274845, -77.7697795)",36051
2009-2010,CENTRAL,HERKIMER,12,03/27/2010,INFLUENZA_UNSPECIFIED,0,"(43.1631, -74.8741)",36043
2011-2012,CENTRAL,ONEIDA,10,03/10/2012,INFLUENZA_UNSPECIFIED,1,"(43.2427273, -75.4342824)",36065
2009-2010,WESTERN,SENECA,8,02/27/2010,INFLUENZA_B,0,"(42.7652, -76.8721)",36099
2013-2014,WESTERN,NIAGARA,49,12/07/2013,INFLUENZA_UNSPECIFIED,0,"(43.203001, -78.71083)",36063
2010-2011,NYC,BRONX,5,02/05/2011,INFLUENZA_UNSPECIFIED,0,"(40.8448, -73.8648)",36005
2009-2010,METRO,SULLIVAN,3,01/23/2010,INFLUENZA_B,0,"(41.7201763, -74.7646796)",36105
2011-2012,CAPITAL DISTRICT,FULTON,14,04/07/2012,INFLUENZA_B,0,"(43.1156093, -74.4236782)",36035
2010-2011,CAPITAL DISTRICT,OTSEGO,16,04/23/2011,INFLUENZA_B,0,"(42.6297762, -75.028841)",36077
2011-2012,CAPITAL DISTRICT,OTSEGO,1,01/07/2012,INFLUENZA_B,0,"(42.6297762, -75.028841)",36077
2009-2010,CAPITAL DISTRICT,COLUMBIA,7,02/20/2010,INFLUENZA_B,0,"(42.2477286, -73.6268046)",36021
2013-2014,CAPITAL DISTRICT,CLINTON,10,03/08/2014,INFLUENZA_A,2,"(44.7527103, -73.7056478)",36019
2011-2012,CAPITAL DISTRICT,SCHOHARIE,46,11/19/2011,INFLUENZA_UNSPECIFIED,0,"(42.591294, -74.4381718)",36095
2012-2013,CAPITAL DISTRICT,SARATOGA,51,12/22/2012,INFLUENZA_UNSPECIFIED,0,"(43.1061353, -73.8553872)",36091
2011-2012,METRO,ORANGE,15,04/14/2012,INFLUENZA_UNSPECIFIED,0,"(41.4024096, -74.3062522)",36071
2013-2014,CAPITAL DISTRICT,FULTON,44,11/02/2013,INFLUENZA_A,0,"(43.1156093, -74.4236782)",36035
2011-2012,WESTERN,CHEMUNG,52,12/31/2011,INFLUENZA_UNSPECIFIED,0,"(42.1552807, -76.7471788)",36015
2009-2010,WESTERN,SCHUYLER,20,05/22/2010,INFLUENZA_UNSPECIFIED,0,"(42.419776, -76.9386038)",36097
2010-2011,WESTERN,LIVINGSTON,44,11/06/2010,INFLUENZA_A,0,"(42.7274845, -77.7697795)",36051
2009-2010,CAPITAL DISTRICT,SARATOGA,10,03/13/2010,INFLUENZA_A,0,"(43.1061353, -73.8553872)",36091
2011-2012,WESTERN,MONROE,51,12/24/2011,INFLUENZA_A,0,"(43.174966, -77.639663)",36055
2012-2013,CENTRAL,CAYUGA,13,03/30/2013,INFLUENZA_B,0,"(43.0085456, -76.5745866)",36011
2010-2011,WESTERN,GENESEE,14,04/09/2011,INFLUENZA_A,0,"(43.0009096, -78.1927784)",36037
2012-2013,METRO,ORANGE,19,05/11/2013,INFLUENZA_B,2,"(41.4024096, -74.3062522)",36071
2012-2013,CENTRAL,ONEIDA,13,03/30/2013,INFLUENZA_UNSPECIFIED,0,"(43.2427273, -75.4342824)",36065
2009-2010,CAPITAL DISTRICT,COLUMBIA,51,12/26/2009,INFLUENZA_UNSPECIFIED,0,"(42.2477286, -73.6268046)",36021
2013-2014,CENTRAL,JEFFERSON,18,05/03/2014,INFLUENZA_A,0,"(44.0607, -75.9928)",36045
2009-2010,WESTERN,NIAGARA,1,01/09/2010,INFLUENZA_A,0,"(43.203001, -78.71083)",36063
2011-2012,CAPITAL DISTRICT,WASHINGTON,51,12/24/2011,INFLUENZA_B,0,"(43.3123766, -73.4394282)",36115
2010-2011,CAPITAL DISTRICT,SCHOHARIE,47,11/27/2010,INFLUENZA_B,0,"(42.591294, -74.4381718)",36095
2013-2014,CENTRAL,BROOME,42,10/19/2013,INFLUENZA_A,0,"(42.1619773, -75.830291)",36007
2012-2013,CAPITAL DISTRICT,GREENE,11,03/16/2013,INFLUENZA_A,0,"(42.2869511, -74.1494949)",36039
2010-2011,CAPITAL DISTRICT,SARATOGA,16,04/23/2011,INFLUENZA_B,6,"(43.1061353, -73.8553872)",36091
2011-2012,CENTRAL,OSWEGO,45,11/12/2011,INFLUENZA_B,0,"(43.4614428, -76.209258)",36075
2013-2014,CENTRAL,ST LAWRENCE,14,04/05/2014,INFLUENZA_UNSPECIFIED,0,"(44.4881125, -75.074311)",36089
2009-2010,METRO,PUTNAM,51,12/26/2009,INFLUENZA_B,0,"(41.4351, -73.7949)",36079
2010-2011,WESTERN,CATTARAUGUS,40,10/09/2010,INFLUENZA_A,0,"(42.2448527, -78.6810055)",36009
2009-2010,CENTRAL,CAYUGA,8,02/27/2010,INFLUENZA_A,1,"(43.0085456, -76.5745866)",36011
2013-2014,CAPITAL DISTRICT,ALBANY,41,10/12/2013,INFLUENZA_UNSPECIFIED,0,"(42.5882713, -73.9740136)",36001
2012-2013,METRO,ORANGE,18,05/04/2013,INFLUENZA_A,1,"(41.4024096, -74.3062522)",36071
2011-2012,CAPITAL DISTRICT,OTSEGO,9,03/03/2012,INFLUENZA_B,1,"(42.6297762, -75.028841)",36077
2012-2013,CENTRAL,OSWEGO,6,02/09/2013,INFLUENZA_UNSPECIFIED,0,"(43.4614428, -76.209258)",36075
2013-2014,CAPITAL DISTRICT,SCHENECTADY,3,01/18/2014,INFLUENZA_B,1,"(42.8175421, -74.0435834)",36093
2010-2011,WESTERN,WYOMING,14,04/09/2011,INFLUENZA_UNSPECIFIED,0,"(42.7013627, -78.2285667)",36121
2013-2014,CENTRAL,LEWIS,44,11/02/2013,INFLUENZA_A,0,"(43.7863965, -75.4426165)",36049
2012-2013,WESTERN,CHAUTAUQUA,7,02/16/2013,INFLUENZA_UNSPECIFIED,1,"(42.3042159, -79.4075949)",36013
2009-2010,CAPITAL DISTRICT,COLUMBIA,42,10/24/2009,INFLUENZA_UNSPECIFIED,0,"(42.2477286, -73.6268046)",36021
2012-2013,CENTRAL,OSWEGO,52,12/29/2012,INFLUENZA_A,73,"(43.4614428, -76.209258)",36075
2013-2014,CAPITAL DISTRICT,COLUMBIA,52,12/28/2013,INFLUENZA_A,3,"(42.2477286, -73.6268046)",36021
2013-2014,METRO,ORANGE,45,11/09/2013,INFLUENZA_A,1,"(41.4024096, -74.3062522)",36071
2011-2012,METRO,NASSAU,46,11/19/2011,INFLUENZA_A,6,"(40.7506561, -73.582905)",36059
2012-2013,WESTERN,LIVINGSTON,44,11/03/2012,INFLUENZA_UNSPECIFIED,0,"(42.7274845, -77.7697795)",36051
2013-2014,CAPITAL DISTRICT,SCHOHARIE,40,10/05/2013,INFLUENZA_UNSPECIFIED,0,"(42.591294, -74.4381718)",36095
2009-2010,CAPITAL DISTRICT,RENSSELAER,48,12/05/2009,INFLUENZA_B,0,"(42.7104206, -73.5138454)",36083
2010-2011,CAPITAL DISTRICT,WASHINGTON,15,04/16/2011,INFLUENZA_B,1,"(43.3123766, -73.4394282)",36115
2010-2011,CAPITAL DISTRICT,GREENE,13,04/02/2011,INFLUENZA_UNSPECIFIED,0,"(42.2869511, -74.1494949)",36039
2012-2013,CENTRAL,CAYUGA,49,12/08/2012,INFLUENZA_B,0,"(43.0085456, -76.5745866)",36011
2011-2012,WESTERN,CHEMUNG,7,02/18/2012,INFLUENZA_A,0,"(42.1552807, -76.7471788)",36015
2011-2012,METRO,SUFFOLK,44,11/05/2011,INFLUENZA_UNSPECIFIED,0,"(40.943554, -72.6922184)",36103
2010-2011,CAPITAL DISTRICT,GREENE,46,11/20/2010,INFLUENZA_UNSPECIFIED,0,"(42.2869511, -74.1494949)",36039
2009-2010,CENTRAL,BROOME,5,02/06/2010,INFLUENZA_A,0,"(42.1619773, -75.830291)",36007
2011-2012,CENTRAL,ONONDAGA,9,03/03/2012,INFLUENZA_UNSPECIFIED,0,"(43.0065299, -76.1961167)",36067
2012-2013,CENTRAL,MADISON,43,10/27/2012,INFLUENZA_B,1,"(42.9100255, -75.6635749)",36053
2010-2011,CAPITAL DISTRICT,FRANKLIN,40,10/09/2010,INFLUENZA_A,0,"(44.5943743, -74.3106698)",36033
2012-2013,CENTRAL,OSWEGO,9,03/02/2013,INFLUENZA_A,0,"(43.4614428, -76.209258)",36075
2012-2013,CAPITAL DISTRICT,WARREN,5,02/02/2013,INFLUENZA_A,2,"(43.5551053, -73.8381388)",36113
2012-2013,NYC,NEW YORK,17,04/27/2013,INFLUENZA_UNSPECIFIED,1,"(40.7831, -73.9712)",36061
2011-2012,NYC,RICHMOND,20,05/19/2012,INFLUENZA_B,1,"(40.5795, -74.1502)",36085
2009-2010,CENTRAL,TIOGA,45,11/14/2009,INFLUENZA_UNSPECIFIED,0,"(42.1256, -76.3637)",36107
2011-2012,CAPITAL DISTRICT,DELAWARE,16,04/21/2012,INFLUENZA_B,0,"(42.1939865, -74.966728)",36025
2011-2012,CENTRAL,LEWIS,1,01/07/2012,INFLUENZA_A,0,"(43.7863965, -75.4426165)",36049
2011-2012,WESTERN,MONROE,11,03/17/2012,INFLUENZA_A,10,"(43.174966, -77.639663)",36055
2009-2010,CENTRAL,OSWEGO,40,10/10/2009,INFLUENZA_B,0,"(43.4614428, -76.209258)",36075
2010-2011,CAPITAL DISTRICT,CLINTON,17,04/30/2011,INFLUENZA_B,0,"(44.7527103, -73.7056478)",36019
2013-2014,CAPITAL DISTRICT,MONTGOMERY,16,04/19/2014,INFLUENZA_A,2,"(42.9008912, -74.4353575)",36057
2009-2010,CAPITAL DISTRICT,DELAWARE,9,03/06/2010,INFLUENZA_UNSPECIFIED,0,"(42.1939865, -74.966728)",36025
2009-2010,CENTRAL,ST LAWRENCE,20,05/22/2010,INFLUENZA_A,0,"(44.4881125, -75.074311)",36089
2011-2012,WESTERN,WYOMING,11,03/17/2012,INFLUENZA_A,0,"(42.7013627, -78.2285667)",36121
2009-2010,CAPITAL DISTRICT,WARREN,49,12/12/2009,INFLUENZA_B,0,"(43.5551053, -73.8381388)",36113
2012-2013,WESTERN,CHAUTAUQUA,9,03/02/2013,INFLUENZA_UNSPECIFIED,0,"(42.3042159, -79.4075949)",36013
2011-2012,METRO,ROCKLAND,10,03/10/2012,INFLUENZA_UNSPECIFIED,0,"(41.1547851, -74.0247721)",36087
2013-2014,CAPITAL DISTRICT,GREENE,8,02/22/2014,INFLUENZA_A,1,"(42.2869511, -74.1494949)",36039
2010-2011,CENTRAL,TIOGA,8,02/26/2011,INFLUENZA_UNSPECIFIED,0,"(42.1256, -76.3637)",36107
2012-2013,WESTERN,CATTARAUGUS,19,05/11/2013,INFLUENZA_A,0,"(42.2448527, -78.6810055)",36009
2011-2012,CENTRAL,BROOME,20,05/19/2012,INFLUENZA_A,0,"(42.1619773, -75.830291)",36007
2010-2011,METRO,SULLIVAN,50,12/18/2010,INFLUENZA_B,0,"(41.7201763, -74.7646796)",36105
2012-2013,CAPITAL DISTRICT,DELAWARE,8,02/23/2013,INFLUENZA_A,0,"(42.1939865, -74.966728)",36025
2013-2014,WESTERN,SCHUYLER,6,02/08/2014,INFLUENZA_UNSPECIFIED,0,"(42.419776, -76.9386038)",36097
2011-2012,METRO,ROCKLAND,13,03/31/2012,INFLUENZA_A,3,"(41.1547851, -74.0247721)",36087
2010-2011,METRO,SUFFOLK,42,10/23/2010,INFLUENZA_A,3,"(40.943554, -72.6922184)",36103
2012-2013,NYC,BRONX,40,10/06/2012,INFLUENZA_B,2,"(40.8448, -73.8648)",36005
2012-2013,METRO,PUTNAM,47,11/24/2012,INFLUENZA_B,0,"(41.4351, -73.7949)",36079
2009-2010,WESTERN,WYOMING,48,12/05/2009,INFLUENZA_A,2,"(42.7013627, -78.2285667)",36121
2013-2014,CENTRAL,CORTLAND,43,10/26/2013,INFLUENZA_A,0,"(42.5938237, -76.0762647)",36023
2009-2010,CAPITAL DISTRICT,DELAWARE,5,02/06/2010,INFLUENZA_A,0,"(42.1939865, -74.966728)",36025
2010-2011,CAPITAL DISTRICT,SCHOHARIE,13,04/02/2011,INFLUENZA_UNSPECIFIED,0,"(42.591294, -74.4381718)",36095
2010-2011,WESTERN,ORLEANS,52,01/01/2011,INFLUENZA_UNSPECIFIED,0,"(43.209007, -78.254897)",36073
2009-2010,CENTRAL,CORTLAND,52,01/02/2010,INFLUENZA_A,0,"(42.5938237, -76.0762647)",36023
2009-2010,WESTERN,CHEMUNG,52,01/02/2010,INFLUENZA_UNSPECIFIED,0,"(42.1552807, -76.7471788)",36015
2011-2012,CAPITAL DISTRICT,DELAWARE,44,11/05/2011,INFLUENZA_A,0,"(42.1939865, -74.966728)",36025
2009-2010,WESTERN,SENECA,42,10/24/2009,INFLUENZA_UNSPECIFIED,0,"(42.7652, -76.8721)",36099
2012-2013,CENTRAL,JEFFERSON,17,04/27/2013,INFLUENZA_B,9,"(44.0607, -75.9928)",36045
2009-2010,WESTERN,CHAUTAUQUA,8,02/27/2010,INFLUENZA_UNSPECIFIED,0,"(42.3042159, -79.4075949)",36013
2013-2014,WESTERN,ONTARIO,46,11/16/2013,INFLUENZA_B,0,"(42.8566949, -77.3032768)",36069
2011-2012,WESTERN,CHAUTAUQUA,47,11/26/2011,INFLUENZA_A,0,"(42.3042159, -79.4075949)",36013
2010-2011,WESTERN,CHAUTAUQUA,16,04/23/2011,INFLUENZA_UNSPECIFIED,0,"(42.3042159, -79.4075949)",36013
2012-2013,CAPITAL DISTRICT,FULTON,7,02/16/2013,INFLUENZA_A,2,"(43.1156093, -74.4236782)",36035
2011-2012,METRO,SUFFOLK,11,03/17/2012,INFLUENZA_UNSPECIFIED,0,"(40.943554, -72.6922184)",36103
2010-2011,CAPITAL DISTRICT,SARATOGA,18,05/07/2011,INFLUENZA_A,1,"(43.1061353, -73.8553872)",36091
2011-2012,WESTERN,YATES,41,10/15/2011,INFLUENZA_UNSPECIFIED,0,"(42.6431, -77.1485)",36123
2012-2013,CAPITAL DISTRICT,MONTGOMERY,52,12/29/2012,INFLUENZA_B,0,"(42.9008912, -74.4353575)",36057
2010-2011,WESTERN,NIAGARA,3,01/22/2011,INFLUENZA_UNSPECIFIED,0,"(43.203001, -78.71083)",36063
2009-2010,CAPITAL DISTRICT,HAMILTON,9,03/06/2010,INFLUENZA_B,0,"(43.6578786, -74.5024556)",36041
2011-2012,CENTRAL,CAYUGA,1,01/07/2012,INFLUENZA_UNSPECIFIED,0,"(43.0085456, -76.5745866)",36011
2011-2012,CAPITAL DISTRICT,MONTGOMERY,18,05/05/2012,INFLUENZA_A,0,"(42.9008912, -74.4353575)",36057
2009-2010,CAPITAL DISTRICT,SCHOHARIE,16,04/24/2010,INFLUENZA_B,0,"(42.591294, -74.4381718)",36095
2009-2010,CENTRAL,CAYUGA,16,04/24/2010,INFLUENZA_UNSPECIFIED,0,"(43.0085456, -76.5745866)",36011
2010-2011,WESTERN,ORLEANS,9,03/05/2011,INFLUENZA_B,2,"(43.209007, -78.254897)",36073
2010-2011,METRO,ORANGE,4,01/29/2011,INFLUENZA_UNSPECIFIED,0,"(41.4024096, -74.3062522)",36071
2013-2014,WESTERN,ERIE,19,05/10/2014,INFLUENZA_UNSPECIFIED,0,"(42.752759, -78.7781922)",36029
2010-2011,CAPITAL DISTRICT,OTSEGO,20,05/21/2011,INFLUENZA_A,0,"(42.6297762, -75.028841)",36077
2009-2010,CENTRAL,TOMPKINS,18,05/08/2010,INFLUENZA_B,0,"(42.4532811, -76.4737116)",36109
2009-2010,CAPITAL DISTRICT,SCHOHARIE,40,10/10/2009,INFLUENZA_B,0,"(42.591294, -74.4381718)",36095
2009-2010,CENTRAL,TOMPKINS,16,04/24/2010,INFLUENZA_UNSPECIFIED,0,"(42.4532811, -76.4737116)",36109
2010-2011,WESTERN,YATES,43,10/30/2010,INFLUENZA_A,0,"(42.6431, -77.1485)",36123
2009-2010,CAPITAL DISTRICT,FULTON,51,12/26/2009,INFLUENZA_UNSPECIFIED,0,"(43.1156093, -74.4236782)",36035
2009-2010,WESTERN,CATTARAUGUS,46,11/21/2009,INFLUENZA_A,13,"(42.2448527, -78.6810055)",36009
2009-2010,CENTRAL,JEFFERSON,10,03/13/2010,INFLUENZA_B,0,"(44.0607, -75.9928)",36045
2011-2012,METRO,ULSTER,51,12/24/2011,INFLUENZA_B,0,"(41.9472321, -74.265447)",36111
2009-2010,CENTRAL,JEFFERSON,5,02/06/2010,INFLUENZA_B,0,"(44.0607, -75.9928)",36045
2011-2012,CENTRAL,TOMPKINS,40,10/08/2011,INFLUENZA_UNSPECIFIED,0,"(42.4532811, -76.4737116)",36109
2012-2013,WESTERN,CATTARAUGUS,43,10/27/2012,INFLUENZA_A,0,"(42.2448527, -78.6810055)",36009
2010-2011,NYC,KINGS,13,04/02/2011,INFLUENZA_A,2,"(40.6782, -73.9442)",36047
2011-2012,METRO,ULSTER,45,11/12/2011,INFLUENZA_A,0,"(41.9472321, -74.265447)",36111
2011-2012,METRO,ULSTER,51,12/24/2011,INFLUENZA_UNSPECIFIED,0,"(41.9472321, -74.265447)",36111
2013-2014,CAPITAL DISTRICT,OTSEGO,16,04/19/2014,INFLUENZA_B,3,"(42.6297762, -75.028841)",36077
2009-2010,CENTRAL,TIOGA,5,02/06/2010,INFLUENZA_A,0,"(42.1256, -76.3637)",36107
2010-2011,CAPITAL DISTRICT,OTSEGO,4,01/29/2011,INFLUENZA_UNSPECIFIED,0,"(42.6297762, -75.028841)",36077
2013-2014,CENTRAL,ST LAWRENCE,20,05/17/2014,INFLUENZA_A,0,"(44.4881125, -75.074311)",36089
2011-2012,CAPITAL DISTRICT,SARATOGA,41,10/15/2011,INFLUENZA_UNSPECIFIED,0,"(43.1061353, -73.8553872)",36091
2009-2010,CAPITAL DISTRICT,ALBANY,5,02/06/2010,INFLUENZA_UNSPECIFIED,0,"(42.5882713, -73.9740136)",36001
2009-2010,WESTERN,ORLEANS,47,11/28/2009,INFLUENZA_A,7,"(43.209007, -78.254897)",36073
2009-2010,CAPITAL DISTRICT,SCHOHARIE,17,05/01/2010,INFLUENZA_A,0,"(42.591294, -74.4381718)",36095
2009-2010,NYC,NEW YORK,49,12/12/2009,INFLUENZA_B,1,"(40.7831, -73.9712)",36061
2011-2012,CAPITAL DISTRICT,FRANKLIN,51,12/24/2011,INFLUENZA_UNSPECIFIED,0,"(44.5943743, -74.3106698)",36033
2012-2013,METRO,ORANGE,43,10/27/2012,INFLUENZA_B,0,"(41.4024096, -74.3062522)",36071
2010-2011,CAPITAL DISTRICT,ESSEX,10,03/12/2011,INFLUENZA_A,1,"(44.1089711, -73.7775726)",36031
2011-2012,WESTERN,YATES,48,12/03/2011,INFLUENZA_B,0,"(42.6431, -77.1485)",36123
2010-2011,WESTERN,SENECA,41,10/16/2010,INFLUENZA_B,0,"(42.7652, -76.8721)",36099
2009-2010,CENTRAL,HERKIMER,15,04/17/2010,INFLUENZA_B,0,"(43.1631, -74.8741)",36043
2010-2011,CAPITAL DISTRICT,MONTGOMERY,52,01/01/2011,INFLUENZA_A,0,"(42.9008912, -74.4353575)",36057
2011-2012,CENTRAL,CHENANGO,2,01/14/2012,INFLUENZA_A,0,"(42.489732, -75.6049051)",36017
2009-2010,METRO,SULLIVAN,45,11/14/2009,INFLUENZA_B,0,"(41.7201763, -74.7646796)",36105
2009-2010,CENTRAL,ONEIDA,3,01/23/2010,INFLUENZA_A,1,"(43.2427273, -75.4342824)",36065
2010-2011,CENTRAL,TIOGA,47,11/27/2010,INFLUENZA_A,0,"(42.1256, -76.3637)",36107
2009-2010,CENTRAL,OSWEGO,4,01/30/2010,INFLUENZA_A,0,"(43.4614428, -76.209258)",36075
2013-2014,CENTRAL,CAYUGA,7,02/15/2014,INFLUENZA_B,1,"(43.0085456, -76.5745866)",36011
2009-2010,CAPITAL DISTRICT,SCHENECTADY,41,10/17/2009,INFLUENZA_B,0,"(42.8175421, -74.0435834)",36093
2009-2010,WESTERN,ONTARIO,43,10/31/2009,INFLUENZA_B,0,"(42.8566949, -77.3032768)",36069
2012-2013,NYC,RICHMOND,6,02/09/2013,INFLUENZA_A,11,"(40.5795, -74.1502)",36085
2013-2014,CENTRAL,ONONDAGA,41,10/12/2013,INFLUENZA_A,1,"(43.0065299, -76.1961167)",36067
2011-2012,WESTERN,NIAGARA,51,12/24/2011,INFLUENZA_UNSPECIFIED,0,"(43.203001, -78.71083)",36063
2009-2010,CAPITAL DISTRICT,FRANKLIN,4,01/30/2010,INFLUENZA_B,0,"(44.5943743, -74.3106698)",36033
2013-2014,WESTERN,NIAGARA,3,01/18/2014,INFLUENZA_UNSPECIFIED,0,"(43.203001, -78.71083)",36063
2012-2013,CENTRAL,ONONDAGA,3,01/19/2013,INFLUENZA_A,93,"(43.0065299, -76.1961167)",36067
2012-2013,CAPITAL DISTRICT,SCHOHARIE,46,11/17/2012,INFLUENZA_UNSPECIFIED,0,"(42.591294, -74.4381718)",36095
2011-2012,WESTERN,SENECA,14,04/07/2012,INFLUENZA_A,0,"(42.7652, -76.8721)",36099
2011-2012,CAPITAL DISTRICT,HAMILTON,16,04/21/2012,INFLUENZA_A,0,"(43.6578786, -74.5024556)",36041
2009-2010,NYC,KINGS,41,10/17/2009,INFLUENZA_A,16,"(40.6782, -73.9442)",36047
2013-2014,CAPITAL DISTRICT,ESSEX,12,03/22/2014,INFLUENZA_B,0,"(44.1089711, -73.7775726)",36031
2009-2010,METRO,NASSAU,45,11/14/2009,INFLUENZA_UNSPECIFIED,1,"(40.7506561, -73.582905)",36059
2012-2013,CENTRAL,ONEIDA,7,02/16/2013,INFLUENZA_A,0,"(43.2427273, -75.4342824)",36065
2010-2011,CENTRAL,CORTLAND,1,01/08/2011,INFLUENZA_B,0,"(42.5938237, -76.0762647)",36023
2013-2014,CENTRAL,ST LAWRENCE,15,04/12/2014,INFLUENZA_A,5,"(44.4881125, -75.074311)",36089
2011-2012,CAPITAL DISTRICT,CLINTON,4,01/28/2012,INFLUENZA_A,0,"(44.7527103, -73.7056478)",36019
2009-2010,CAPITAL DISTRICT,COLUMBIA,48,12/05/2009,INFLUENZA_B,0,"(42.2477286, -73.6268046)",36021
2009-2010,WESTERN,YATES,8,02/27/2010,INFLUENZA_B,0,"(42.6431, -77.1485)",36123
2013-2014,CAPITAL DISTRICT,GREENE,18,05/03/2014,INFLUENZA_A,0,"(42.2869511, -74.1494949)",36039
2009-2010,METRO,WESTCHESTER,17,05/01/2010,INFLUENZA_A,21,"(41.1527698, -73.745912)",36119
2013-2014,METRO,ROCKLAND,40,10/05/2013,INFLUENZA_B,0,"(41.1547851, -74.0247721)",36087
2013-2014,WESTERN,CHEMUNG,42,10/19/2013,INFLUENZA_A,0,"(42.1552807, -76.7471788)",36015
2010-2011,WESTERN,YATES,1,01/08/2011,INFLUENZA_B,1,"(42.6431, -77.1485)",36123
2011-2012,CAPITAL DISTRICT,WASHINGTON,7,02/18/2012,INFLUENZA_B,0,"(43.3123766, -73.4394282)",36115
2011-2012,NYC,KINGS,51,12/24/2011,INFLUENZA_A,0,"(40.6782, -73.9442)",36047
2013-2014,WESTERN,CHEMUNG,51,12/21/2013,INFLUENZA_B,0,"(42.1552807, -76.7471788)",36015
2011-2012,METRO,PUTNAM,6,02/11/2012,INFLUENZA_UNSPECIFIED,0,"(41.4351, -73.7949)",36079
2010-2011,WESTERN,MONROE,45,11/13/2010,INFLUENZA_B,0,"(43.174966, -77.639663)",36055
2012-2013,CENTRAL,CHENANGO,43,10/27/2012,INFLUENZA_A,0,"(42.489732, -75.6049051)",36017
2010-2011,CENTRAL,CAYUGA,11,03/19/2011,INFLUENZA_B,0,"(43.0085456, -76.5745866)",36011
2011-2012,WESTERN,MONROE,50,12/17/2011,INFLUENZA_UNSPECIFIED,0,"(43.174966, -77.639663)",36055
2010-2011,WESTERN,CATTARAUGUS,49,12/11/2010,INFLUENZA_A,0,"(42.2448527, -78.6810055)",36009
2010-2011,METRO,SUFFOLK,52,01/01/2011,INFLUENZA_B,5,"(40.943554, -72.6922184)",36103
2011-2012,WESTERN,GENESEE,12,03/24/2012,INFLUENZA_UNSPECIFIED,0,"(43.0009096, -78.1927784)",36037
2010-2011,WESTERN,CHAUTAUQUA,43,10/30/2010,INFLUENZA_A,0,"(42.3042159, -79.4075949)",36013
2010-2011,NYC,NEW YORK,48,12/04/2010,INFLUENZA_B,0,"(40.7831, -73.9712)",36061
2009-2010,CAPITAL DISTRICT,SCHENECTADY,5,02/06/2010,INFLUENZA_A,0,"(42.8175421, -74.0435834)",36093
2009-2010,METRO,ULSTER,48,12/05/2009,INFLUENZA_A,9,"(41.9472321, -74.265447)",36111
2010-2011,WESTERN,ALLEGANY,16,04/23/2011,INFLUENZA_B,0,"(42.2478938, -78.0261758)",36003
2013-2014,CAPITAL DISTRICT,OTSEGO,17,04/26/2014,INFLUENZA_A,0,"(42.6297762, -75.028841)",36077
2009-2010,METRO,ULSTER,6,02/13/2010,INFLUENZA_B,0,"(41.9472321, -74.265447)",36111
2011-2012,METRO,WESTCHESTER,14,04/07/2012,INFLUENZA_B,1,"(41.1527698, -73.745912)",36119
2011-2012,METRO,NASSAU,20,05/19/2012,INFLUENZA_B,9,"(40.7506561, -73.582905)",36059
2010-2011,CENTRAL,ONEIDA,41,10/16/2010,INFLUENZA_B,0,"(43.2427273, -75.4342824)",36065
2011-2012,METRO,NASSAU,16,04/21/2012,INFLUENZA_A,18,"(40.7506561, -73.582905)",36059
2011-2012,CAPITAL DISTRICT,FRANKLIN,12,03/24/2012,INFLUENZA_B,0,"(44.5943743, -74.3106698)",36033
2010-2011,METRO,WESTCHESTER,15,04/16/2011,INFLUENZA_UNSPECIFIED,0,"(41.1527698, -73.745912)",36119
2010-2011,WESTERN,CATTARAUGUS,19,05/14/2011,INFLUENZA_A,0,"(42.2448527, -78.6810055)",36009
2011-2012,CAPITAL DISTRICT,RENSSELAER,6,02/11/2012,INFLUENZA_UNSPECIFIED,0,"(42.7104206, -73.5138454)",36083
2009-2010,CAPITAL DISTRICT,SCHENECTADY,8,02/27/2010,INFLUENZA_A,0,"(42.8175421, -74.0435834)",36093
2009-2010,CAPITAL DISTRICT,COLUMBIA,13,04/03/2010,INFLUENZA_UNSPECIFIED,0,"(42.2477286, -73.6268046)",36021
2011-2012,CAPITAL DISTRICT,WASHINGTON,46,11/19/2011,INFLUENZA_B,0,"(43.3123766, -73.4394282)",36115
2009-2010,CAPITAL DISTRICT,ALBANY,17,05/01/2010,INFLUENZA_A,0,"(42.5882713, -73.9740136)",36001
2012-2013,METRO,PUTNAM,19,05/11/2013,INFLUENZA_B,0,"(41.4351, -73.7949)",36079
2012-2013,METRO,PUTNAM,1,01/05/2013,INFLUENZA_A,44,"(41.4351, -73.7949)",36079
2012-2013,WESTERN,GENESEE,8,02/23/2013,INFLUENZA_A,1,"(43.0009096, -78.1927784)",36037
2010-2011,NYC,QUEENS,52,01/01/2011,INFLUENZA_UNSPECIFIED,1,"(40.7282, -73.7949)",36081
2011-2012,CENTRAL,ONEIDA,20,05/19/2012,INFLUENZA_A,10,"(43.2427273, -75.4342824)",36065
2011-2012,WESTERN,ORLEANS,14,04/07/2012,INFLUENZA_UNSPECIFIED,0,"(43.209007, -78.254897)",36073
2009-2010,CAPITAL DISTRICT,ESSEX,19,05/15/2010,INFLUENZA_UNSPECIFIED,0,"(44.1089711, -73.7775726)",36031
2010-2011,CENTRAL,LEWIS,4,01/29/2011,INFLUENZA_B,0,"(43.7863965, -75.4426165)",36049
2010-2011,WESTERN,MONROE,13,04/02/2011,INFLUENZA_UNSPECIFIED,0,"(43.174966, -77.639663)",36055
2010-2011,NYC,QUEENS,18,05/07/2011,INFLUENZA_UNSPECIFIED,0,"(40.7282, -73.7949)",36081
2010-2011,METRO,ORANGE,9,03/05/2011,INFLUENZA_UNSPECIFIED,0,"(41.4024096, -74.3062522)",36071
2009-2010,CAPITAL DISTRICT,GREENE,51,12/26/2009,INFLUENZA_UNSPECIFIED,0,"(42.2869511, -74.1494949)",36039
2011-2012,NYC,KINGS,18,05/05/2012,INFLUENZA_UNSPECIFIED,0,"(40.6782, -73.9442)",36047
2010-2011,CAPITAL DISTRICT,RENSSELAER,6,02/12/2011,INFLUENZA_A,2,"(42.7104206, -73.5138454)",36083
2010-2011,CENTRAL,HERKIMER,46,11/20/2010,INFLUENZA_A,0,"(43.1631, -74.8741)",36043
2012-2013,METRO,PUTNAM,18,05/04/2013,INFLUENZA_UNSPECIFIED,0,"(41.4351, -73.7949)",36079
2013-2014,CENTRAL,CAYUGA,2,01/11/2014,INFLUENZA_UNSPECIFIED,0,"(43.0085456, -76.5745866)",36011
2012-2013,CAPITAL DISTRICT,FULTON,48,12/01/2012,INFLUENZA_UNSPECIFIED,0,"(43.1156093, -74.4236782)",36035
2012-2013,CENTRAL,LEWIS,13,03/30/2013,INFLUENZA_A,0,"(43.7863965, -75.4426165)",36049
2011-2012,METRO,PUTNAM,45,11/12/2011,INFLUENZA_UNSPECIFIED,0,"(41.4351, -73.7949)",36079
2010-2011,CENTRAL,CAYUGA,44,11/06/2010,INFLUENZA_B,0,"(43.0085456, -76.5745866)",36011
2013-2014,WESTERN,GENESEE,19,05/10/2014,INFLUENZA_UNSPECIFIED,0,"(43.0009096, -78.1927784)",36037
2012-2013,CENTRAL,CHENANGO,45,11/10/2012,INFLUENZA_UNSPECIFIED,0,"(42.489732, -75.6049051)",36017
2012-2013,CENTRAL,MADISON,9,03/02/2013,INFLUENZA_B,0,"(42.9100255, -75.6635749)",36053
2009-2010,CAPITAL DISTRICT,SCHOHARIE,17,05/01/2010,INFLUENZA_B,0,"(42.591294, -74.4381718)",36095
2009-2010,WESTERN,CATTARAUGUS,2,01/16/2010,INFLUENZA_UNSPECIFIED,0,"(42.2448527, -78.6810055)",36009
2013-2014,WESTERN,GENESEE,9,03/01/2014,INFLUENZA_A,8,"(43.0009096, -78.1927784)",36037
2009-2010,METRO,PUTNAM,2,01/16/2010,INFLUENZA_B,0,"(41.4351, -73.7949)",36079
2009-2010,NYC,QUEENS,17,05/01/2010,INFLUENZA_A,51,"(40.7282, -73.7949)",36081
2012-2013,CAPITAL DISTRICT,DELAWARE,50,12/15/2012,INFLUENZA_B,0,"(42.1939865, -74.966728)",36025
2012-2013,CENTRAL,ST LAWRENCE,41,10/13/2012,INFLUENZA_B,0,"(44.4881125, -75.074311)",36089
2012-2013,WESTERN,CHEMUNG,48,12/01/2012,INFLUENZA_UNSPECIFIED,0,"(42.1552807, -76.7471788)",36015
2010-2011,WESTERN,YATES,43,10/30/2010,INFLUENZA_UNSPECIFIED,0,"(42.6431, -77.1485)",36123
2009-2010,WESTERN,ONTARIO,17,05/01/2010,INFLUENZA_UNSPECIFIED,0,"(42.8566949, -77.3032768)",36069
2011-2012,WESTERN,ERIE,46,11/19/2011,INFLUENZA_UNSPECIFIED,0,"(42.752759, -78.7781922)",36029
2010-2011,WESTERN,WAYNE,47,11/27/2010,INFLUENZA_UNSPECIFIED,0,"(43.202, -77.0104)",36117
2011-2012,CAPITAL DISTRICT,DELAWARE,48,12/03/2011,INFLUENZA_UNSPECIFIED,0,"(42.1939865, -74.966728)",36025
2010-2011,WESTERN,SCHUYLER,52,01/01/2011,INFLUENZA_B,0,"(42.419776, -76.9386038)",36097
2012-2013,NYC,NEW YORK,42,10/20/2012,INFLUENZA_A,1,"(40.7831, -73.9712)",36061
2012-2013,CAPITAL DISTRICT,GREENE,3,01/19/2013,INFLUENZA_B,0,"(42.2869511, -74.1494949)",36039
2009-2010,WESTERN,ONTARIO,50,12/19/2009,INFLUENZA_A,3,"(42.8566949, -77.3032768)",36069
2011-2012,WESTERN,ORLEANS,13,03/31/2012,INFLUENZA_UNSPECIFIED,0,"(43.209007, -78.254897)",36073
2009-2010,CAPITAL DISTRICT,FRANKLIN,9,03/06/2010,INFLUENZA_A,0,"(44.5943743, -74.3106698)",36033
2009-2010,CENTRAL,JEFFERSON,40,10/10/2009,INFLUENZA_UNSPECIFIED,0,"(44.0607, -75.9928)",36045
2012-2013,CAPITAL DISTRICT,DELAWARE,12,03/23/2013,INFLUENZA_UNSPECIFIED,0,"(42.1939865, -74.966728)",36025
2009-2010,CENTRAL,HERKIMER,52,01/02/2010,INFLUENZA_UNSPECIFIED,0,"(43.1631, -74.8741)",36043
2009-2010,CAPITAL DISTRICT,WASHINGTON,11,03/20/2010,INFLUENZA_UNSPECIFIED,0,"(43.3123766, -73.4394282)",36115
2011-2012,CENTRAL,ST LAWRENCE,50,12/17/2011,INFLUENZA_B,0,"(44.4881125, -75.074311)",36089
2009-2010,WESTERN,ALLEGANY,7,02/20/2010,INFLUENZA_A,0,"(42.2478938, -78.0261758)",36003
2010-2011,CENTRAL,OSWEGO,13,04/02/2011,INFLUENZA_A,6,"(43.4614428, -76.209258)",36075
2011-2012,CENTRAL,ST LAWRENCE,41,10/15/2011,INFLUENZA_UNSPECIFIED,0,"(44.4881125, -75.074311)",36089
2009-2010,WESTERN,ORLEANS,1,01/09/2010,INFLUENZA_B,0,"(43.209007, -78.254897)",36073
2013-2014,CENTRAL,CHENANGO,14,04/05/2014,INFLUENZA_B,1,"(42.489732, -75.6049051)",36017
2011-2012,CAPITAL DISTRICT,COLUMBIA,17,04/28/2012,INFLUENZA_UNSPECIFIED,0,"(42.2477286, -73.6268046)",36021
2010-2011,CENTRAL,TOMPKINS,2,01/15/2011,INFLUENZA_UNSPECIFIED,0,"(42.4532811, -76.4737116)",36109
2012-2013,WESTERN,NIAGARA,42,10/20/2012,INFLUENZA_B,0,"(43.203001, -78.71083)",36063
2013-2014,WESTERN,NIAGARA,13,03/29/2014,INFLUENZA_UNSPECIFIED,0,"(43.203001, -78.71083)",36063
2011-2012,METRO,ROCKLAND,9,03/03/2012,INFLUENZA_UNSPECIFIED,0,"(41.1547851, -74.0247721)",36087
2010-2011,CAPITAL DISTRICT,RENSSELAER,47,11/27/2010,INFLUENZA_UNSPECIFIED,0,"(42.7104206, -73.5138454)",36083
2011-2012,CAPITAL DISTRICT,RENSSELAER,42,10/22/2011,INFLUENZA_UNSPECIFIED,0,"(42.7104206, -73.5138454)",36083
2012-2013,CAPITAL DISTRICT,DELAWARE,44,11/03/2012,INFLUENZA_UNSPECIFIED,0,"(42.1939865, -74.966728)",36025
2011-2012,WESTERN,WAYNE,16,04/21/2012,INFLUENZA_B,2,"(43.202, -77.0104)",36117
2012-2013,CAPITAL DISTRICT,GREENE,11,03/16/2013,INFLUENZA_UNSPECIFIED,0,"(42.2869511, -74.1494949)",36039
2013-2014,CAPITAL DISTRICT,RENSSELAER,18,05/03/2014,INFLUENZA_UNSPECIFIED,0,"(42.7104206, -73.5138454)",36083
2011-2012,NYC,QUEENS,51,12/24/2011,INFLUENZA_A,1,"(40.7282, -73.7949)",36081
2012-2013,METRO,SULLIVAN,1,01/05/2013,INFLUENZA_B,0,"(41.7201763, -74.7646796)",36105
2011-2012,CENTRAL,CHENANGO,50,12/17/2011,INFLUENZA_B,0,"(42.489732, -75.6049051)",36017
2009-2010,WESTERN,CHEMUNG,40,10/10/2009,INFLUENZA_B,0,"(42.1552807, -76.7471788)",36015
2009-2010,CENTRAL,HERKIMER,16,04/24/2010,INFLUENZA_A,0,"(43.1631, -74.8741)",36043
2009-2010,CAPITAL DISTRICT,GREENE,6,02/13/2010,INFLUENZA_A,0,"(42.2869511, -74.1494949)",36039
2012-2013,METRO,NASSAU,20,05/18/2013,INFLUENZA_UNSPECIFIED,0,"(40.7506561, -73.582905)",36059
2009-2010,WESTERN,GENESEE,4,01/30/2010,INFLUENZA_UNSPECIFIED,0,"(43.0009096, -78.1927784)",36037
2013-2014,CENTRAL,CORTLAND,40,10/05/2013,INFLUENZA_B,0,"(42.5938237, -76.0762647)",36023
2011-2012,WESTERN,CHEMUNG,50,12/17/2011,INFLUENZA_A,0,"(42.1552807, -76.7471788)",36015
2012-2013,CENTRAL,JEFFERSON,45,11/10/2012,INFLUENZA_B,1,"(44.0607, -75.9928)",36045
2013-2014,CENTRAL,MADISON,14,04/05/2014,INFLUENZA_A,11,"(42.9100255, -75.6635749)",36053
2012-2013,CAPITAL DISTRICT,HAMILTON,6,02/09/2013,INFLUENZA_A,0,"(43.6578786, -74.5024556)",36041
2010-2011,CAPITAL DISTRICT,WARREN,17,04/30/2011,INFLUENZA_UNSPECIFIED,0,"(43.5551053, -73.8381388)",36113
2010-2011,WESTERN,CATTARAUGUS,20,05/21/2011,INFLUENZA_A,0,"(42.2448527, -78.6810055)",36009
2010-2011,CAPITAL DISTRICT,SCHENECTADY,51,12/25/2010,INFLUENZA_A,4,"(42.8175421, -74.0435834)",36093
2013-2014,CAPITAL DISTRICT,FULTON,11,03/15/2014,INFLUENZA_B,0,"(43.1156093, -74.4236782)",36035
2011-2012,CENTRAL,HERKIMER,7,02/18/2012,INFLUENZA_UNSPECIFIED,0,"(43.1631, -74.8741)",36043
2010-2011,METRO,SULLIVAN,4,01/29/2011,INFLUENZA_A,0,"(41.7201763, -74.7646796)",36105
2012-2013,WESTERN,GENESEE,40,10/06/2012,INFLUENZA_UNSPECIFIED,0,"(43.0009096, -78.1927784)",36037
2010-2011,WESTERN,YATES,40,10/09/2010,INFLUENZA_UNSPECIFIED,0,"(42.6431, -77.1485)",36123
2010-2011,METRO,NASSAU,46,11/20/2010,INFLUENZA_A,16,"(40.7506561, -73.582905)",36059
2011-2012,CENTRAL,JEFFERSON,47,11/26/2011,INFLUENZA_UNSPECIFIED,0,"(44.0607, -75.9928)",36045
2013-2014,WESTERN,GENESEE,17,04/26/2014,INFLUENZA_UNSPECIFIED,0,"(43.0009096, -78.1927784)",36037
2009-2010,CAPITAL DISTRICT,DELAWARE,1,01/09/2010,INFLUENZA_UNSPECIFIED,0,"(42.1939865, -74.966728)",36025
2013-2014,WESTERN,ERIE,18,05/03/2014,INFLUENZA_UNSPECIFIED,1,"(42.752759, -78.7781922)",36029
2011-2012,METRO,SUFFOLK,14,04/07/2012,INFLUENZA_A,14,"(40.943554, -72.6922184)",36103
2011-2012,CENTRAL,CAYUGA,4,01/28/2012,INFLUENZA_UNSPECIFIED,0,"(43.0085456, -76.5745866)",36011
2011-2012,CAPITAL DISTRICT,FULTON,18,05/05/2012,INFLUENZA_A,0,"(43.1156093, -74.4236782)",36035
2013-2014,CENTRAL,CAYUGA,45,11/09/2013,INFLUENZA_A,0,"(43.0085456, -76.5745866)",36011
2009-2010,WESTERN,SCHUYLER,46,11/21/2009,INFLUENZA_A,3,"(42.419776, -76.9386038)",36097
2011-2012,CAPITAL DISTRICT,ALBANY,13,03/31/2012,INFLUENZA_B,0,"(42.5882713, -73.9740136)",36001
2010-2011,WESTERN,ONTARIO,11,03/19/2011,INFLUENZA_UNSPECIFIED,0,"(42.8566949, -77.3032768)",36069
2010-2011,WESTERN,NIAGARA,50,12/18/2010,INFLUENZA_A,0,"(43.203001, -78.71083)",36063
2013-2014,CENTRAL,CORTLAND,45,11/09/2013,INFLUENZA_A,0,"(42.5938237, -76.0762647)",36023
2011-2012,CENTRAL,BROOME,48,12/03/2011,INFLUENZA_A,0,"(42.1619773, -75.830291)",36007
2010-2011,CENTRAL,LEWIS,12,03/26/2011,INFLUENZA_B,0,"(43.7863965, -75.4426165)",36049
2009-2010,METRO,SULLIVAN,41,10/17/2009,INFLUENZA_A,0,"(41.7201763, -74.7646796)",36105
2011-2012,CENTRAL,ONONDAGA,19,05/12/2012,INFLUENZA_UNSPECIFIED,1,"(43.0065299, -76.1961167)",36067
2012-2013,CENTRAL,CORTLAND,13,03/30/2013,INFLUENZA_UNSPECIFIED,0,"(42.5938237, -76.0762647)",36023
2012-2013,WESTERN,STEUBEN,40,10/06/2012,INFLUENZA_B,0,"(42.2667252, -77.3855253)",36101
2013-2014,CENTRAL,LEWIS,49,12/07/2013,INFLUENZA_B,0,"(43.7863965, -75.4426165)",36049
2012-2013,CAPITAL DISTRICT,FULTON,44,11/03/2012,INFLUENZA_B,0,"(43.1156093, -74.4236782)",36035
2009-2010,WESTERN,ORLEANS,2,01/16/2010,INFLUENZA_UNSPECIFIED,0,"(43.209007, -78.254897)",36073
2011-2012,WESTERN,WAYNE,48,12/03/2011,INFLUENZA_B,0,"(43.202, -77.0104)",36117
2012-2013,WESTERN,MONROE,45,11/10/2012,INFLUENZA_B,0,"(43.174966, -77.639663)",36055
2010-2011,CENTRAL,TIOGA,48,12/04/2010,INFLUENZA_B,0,"(42.1256, -76.3637)",36107
2011-2012,CAPITAL DISTRICT,MONTGOMERY,17,04/28/2012,INFLUENZA_UNSPECIFIED,0,"(42.9008912, -74.4353575)",36057
2011-2012,METRO,SUFFOLK,10,03/10/2012,INFLUENZA_UNSPECIFIED,0,"(40.943554, -72.6922184)",36103
2010-2011,CAPITAL DISTRICT,FULTON,42,10/23/2010,INFLUENZA_A,0,"(43.1156093, -74.4236782)",36035
2010-2011,WESTERN,ONTARIO,43,10/30/2010,INFLUENZA_B,0,"(42.8566949, -77.3032768)",36069
2010-2011,CAPITAL DISTRICT,MONTGOMERY,11,03/19/2011,INFLUENZA_B,0,"(42.9008912, -74.4353575)",36057
2010-2011,CAPITAL DISTRICT,ALBANY,16,04/23/2011,INFLUENZA_B,3,"(42.5882713, -73.9740136)",36001
2012-2013,WESTERN,GENESEE,40,10/06/2012,INFLUENZA_A,0,"(43.0009096, -78.1927784)",36037
2013-2014,CENTRAL,CORTLAND,40,10/05/2013,INFLUENZA_A,0,"(42.5938237, -76.0762647)",36023
2012-2013,CENTRAL,TOMPKINS,12,03/23/2013,INFLUENZA_B,3,"(42.4532811, -76.4737116)",36109
2012-2013,WESTERN,WAYNE,9,03/02/2013,INFLUENZA_B,6,"(43.202, -77.0104)",36117
2013-2014,CAPITAL DISTRICT,CLINTON,4,01/25/2014,INFLUENZA_UNSPECIFIED,0,"(44.7527103, -73.7056478)",36019
2009-2010,CENTRAL,OSWEGO,45,11/14/2009,INFLUENZA_A,77,"(43.4614428, -76.209258)",36075
2013-2014,METRO,PUTNAM,17,04/26/2014,INFLUENZA_A,10,"(41.4351, -73.7949)",36079
2010-2011,WESTERN,WYOMING,44,11/06/2010,INFLUENZA_A,0,"(42.7013627, -78.2285667)",36121
2009-2010,METRO,ULSTER,16,04/24/2010,INFLUENZA_A,0,"(41.9472321, -74.265447)",36111
2012-2013,NYC,QUEENS,5,02/02/2013,INFLUENZA_B,76,"(40.7282, -73.7949)",36081
2012-2013,NYC,NEW YORK,6,02/09/2013,INFLUENZA_A,76,"(40.7831, -73.9712)",36061
2011-2012,NYC,KINGS,19,05/12/2012,INFLUENZA_B,8,"(40.6782, -73.9442)",36047
2009-2010,NYC,QUEENS,3,01/23/2010,INFLUENZA_A,32,"(40.7282, -73.7949)",36081
2011-2012,CENTRAL,BROOME,18,05/05/2012,INFLUENZA_UNSPECIFIED,0,"(42.1619773, -75.830291)",36007
2010-2011,METRO,SUFFOLK,49,12/11/2010,INFLUENZA_A,17,"(40.943554, -72.6922184)",36103
2011-2012,METRO,ULSTER,49,12/10/2011,INFLUENZA_UNSPECIFIED,0,"(41.9472321, -74.265447)",36111
2013-2014,CAPITAL DISTRICT,SCHOHARIE,12,03/22/2014,INFLUENZA_UNSPECIFIED,0,"(42.591294, -74.4381718)",36095
2012-2013,WESTERN,SENECA,9,03/02/2013,INFLUENZA_B,2,"(42.7652, -76.8721)",36099
2009-2010,METRO,PUTNAM,49,12/12/2009,INFLUENZA_UNSPECIFIED,0,"(41.4351, -73.7949)",36079
2012-2013,WESTERN,SENECA,4,01/26/2013,INFLUENZA_UNSPECIFIED,0,"(42.7652, -76.8721)",36099
2010-2011,CAPITAL DISTRICT,SCHOHARIE,10,03/12/2011,INFLUENZA_UNSPECIFIED,0,"(42.591294, -74.4381718)",36095
2010-2011,CENTRAL,ST LAWRENCE,49,12/11/2010,INFLUENZA_A,0,"(44.4881125, -75.074311)",36089
2012-2013,METRO,ULSTER,18,05/04/2013,INFLUENZA_A,0,"(41.9472321, -74.265447)",36111
2012-2013,CAPITAL DISTRICT,RENSSELAER,18,05/04/2013,INFLUENZA_A,0,"(42.7104206, -73.5138454)",36083
2012-2013,CENTRAL,OSWEGO,7,02/16/2013,INFLUENZA_B,1,"(43.4614428, -76.209258)",36075
2013-2014,CAPITAL DISTRICT,OTSEGO,50,12/14/2013,INFLUENZA_B,0,"(42.6297762, -75.028841)",36077
2010-2011,CENTRAL,HERKIMER,13,04/02/2011,INFLUENZA_UNSPECIFIED,0,"(43.1631, -74.8741)",36043
2012-2013,WESTERN,MONROE,1,01/05/2013,INFLUENZA_B,6,"(43.174966, -77.639663)",36055
2009-2010,CAPITAL DISTRICT,WARREN,46,11/21/2009,INFLUENZA_B,0,"(43.5551053, -73.8381388)",36113
2010-2011,WESTERN,LIVINGSTON,1,01/08/2011,INFLUENZA_A,0,"(42.7274845, -77.7697795)",36051
2009-2010,CENTRAL,TOMPKINS,3,01/23/2010,INFLUENZA_UNSPECIFIED,0,"(42.4532811, -76.4737116)",36109
2010-2011,CENTRAL,ONONDAGA,3,01/22/2011,INFLUENZA_B,1,"(43.0065299, -76.1961167)",36067
2009-2010,CENTRAL,CORTLAND,43,10/31/2009,INFLUENZA_A,2,"(42.5938237, -76.0762647)",36023
2009-2010,METRO,SULLIVAN,19,05/15/2010,INFLUENZA_B,0,"(41.7201763, -74.7646796)",36105
2010-2011,CENTRAL,TIOGA,17,04/30/2011,INFLUENZA_A,0,"(42.1256, -76.3637)",36107
2013-2014,CENTRAL,ST LAWRENCE,11,03/15/2014,INFLUENZA_UNSPECIFIED,0,"(44.4881125, -75.074311)",36089
2012-2013,NYC,BRONX,51,12/22/2012,INFLUENZA_UNSPECIFIED,1,"(40.8448, -73.8648)",36005
2012-2013,CAPITAL DISTRICT,GREENE,7,02/16/2013,INFLUENZA_A,4,"(42.2869511, -74.1494949)",36039
2013-2014,CENTRAL,OSWEGO,13,03/29/2014,INFLUENZA_B,8,"(43.4614428, -76.209258)",36075
2011-2012,CAPITAL DISTRICT,FRANKLIN,46,11/19/2011,INFLUENZA_UNSPECIFIED,0,"(44.5943743, -74.3106698)",36033
2012-2013,WESTERN,CATTARAUGUS,14,04/06/2013,INFLUENZA_UNSPECIFIED,0,"(42.2448527, -78.6810055)",36009
2011-2012,CAPITAL DISTRICT,OTSEGO,41,10/15/2011,INFLUENZA_B,0,"(42.6297762, -75.028841)",36077
2009-2010,CAPITAL DISTRICT,SARATOGA,45,11/14/2009,INFLUENZA_A,20,"(43.1061353, -73.8553872)",36091
2010-2011,WESTERN,STEUBEN,18,05/07/2011,INFLUENZA_UNSPECIFIED,0,"(42.2667252, -77.3855253)",36101
2010-2011,WESTERN,ORLEANS,11,03/19/2011,INFLUENZA_A,0,"(43.209007, -78.254897)",36073
2009-2010,WESTERN,ONTARIO,48,12/05/2009,INFLUENZA_UNSPECIFIED,0,"(42.8566949, -77.3032768)",36069
2011-2012,WESTERN,LIVINGSTON,42,10/22/2011,INFLUENZA_A,0,"(42.7274845, -77.7697795)",36051
2012-2013,CENTRAL,ONEIDA,16,04/20/2013,INFLUENZA_B,13,"(43.2427273, -75.4342824)",36065
2009-2010,CAPITAL DISTRICT,MONTGOMERY,18,05/08/2010,INFLUENZA_A,0,"(42.9008912, -74.4353575)",36057
2012-2013,CAPITAL DISTRICT,SARATOGA,46,11/17/2012,INFLUENZA_UNSPECIFIED,0,"(43.1061353, -73.8553872)",36091
2012-2013,NYC,QUEENS,5,02/02/2013,INFLUENZA_A,133,"(40.7282, -73.7949)",36081
2011-2012,CAPITAL DISTRICT,FRANKLIN,7,02/18/2012,INFLUENZA_UNSPECIFIED,0,"(44.5943743, -74.3106698)",36033
2012-2013,WESTERN,YATES,15,04/13/2013,INFLUENZA_A,0,"(42.6431, -77.1485)",36123
2011-2012,METRO,SUFFOLK,17,04/28/2012,INFLUENZA_UNSPECIFIED,0,"(40.943554, -72.6922184)",36103
2009-2010,WESTERN,LIVINGSTON,2,01/16/2010,INFLUENZA_UNSPECIFIED,0,"(42.7274845, -77.7697795)",36051
2013-2014,CAPITAL DISTRICT,GREENE,50,12/14/2013,INFLUENZA_UNSPECIFIED,0,"(42.2869511, -74.1494949)",36039
2009-2010,CAPITAL DISTRICT,OTSEGO,17,05/01/2010,INFLUENZA_A,0,"(42.6297762, -75.028841)",36077
2009-2010,CAPITAL DISTRICT,ALBANY,2,01/16/2010,INFLUENZA_A,0,"(42.5882713, -73.9740136)",36001
2009-2010,WESTERN,ORLEANS,16,04/24/2010,INFLUENZA_A,0,"(43.209007, -78.254897)",36073
2009-2010,CENTRAL,BROOME,7,02/20/2010,INFLUENZA_B,0,"(42.1619773, -75.830291)",36007
2010-2011,CENTRAL,CHENANGO,1,01/08/2011,INFLUENZA_A,0,"(42.489732, -75.6049051)",36017
2012-2013,CAPITAL DISTRICT,ESSEX,8,02/23/2013,INFLUENZA_B,0,"(44.1089711, -73.7775726)",36031
2010-2011,WESTERN,STEUBEN,52,01/01/2011,INFLUENZA_B,2,"(42.2667252, -77.3855253)",36101
2013-2014,WESTERN,CHAUTAUQUA,19,05/10/2014,INFLUENZA_B,2,"(42.3042159, -79.4075949)",36013
2011-2012,CENTRAL,HERKIMER,20,05/19/2012,INFLUENZA_UNSPECIFIED,0,"(43.1631, -74.8741)",36043
2010-2011,CAPITAL DISTRICT,WARREN,16,04/23/2011,INFLUENZA_A,0,"(43.5551053, -73.8381388)",36113
2012-2013,CAPITAL DISTRICT,MONTGOMERY,10,03/09/2013,INFLUENZA_A,0,"(42.9008912, -74.4353575)",36057
2011-2012,WESTERN,YATES,5,02/04/2012,INFLUENZA_A,0,"(42.6431, -77.1485)",36123
2012-2013,WESTERN,GENESEE,49,12/08/2012,INFLUENZA_A,5,"(43.0009096, -78.1927784)",36037
2013-2014,CENTRAL,MADISON,52,12/28/2013,INFLUENZA_B,0,"(42.9100255, -75.6635749)",36053
2011-2012,CAPITAL DISTRICT,ALBANY,51,12/24/2011,INFLUENZA_B,0,"(42.5882713, -73.9740136)",36001
2009-2010,CENTRAL,TOMPKINS,42,10/24/2009,INFLUENZA_A,6,"(42.4532811, -76.4737116)",36109
2010-2011,CAPITAL DISTRICT,WASHINGTON,11,03/19/2011,INFLUENZA_UNSPECIFIED,0,"(43.3123766, -73.4394282)",36115
2010-2011,CENTRAL,HERKIMER,16,04/23/2011,INFLUENZA_A,3,"(43.1631, -74.8741)",36043
2010-2011,CAPITAL DISTRICT,DELAWARE,8,02/26/2011,INFLUENZA_B,1,"(42.1939865, -74.966728)",36025
2009-2010,CENTRAL,CORTLAND,9,03/06/2010,INFLUENZA_UNSPECIFIED,0,"(42.5938237, -76.0762647)",36023
2010-2011,CAPITAL DISTRICT,WASHINGTON,13,04/02/2011,INFLUENZA_UNSPECIFIED,0,"(43.3123766, -73.4394282)",36115
2009-2010,CAPITAL DISTRICT,COLUMBIA,19,05/15/2010,INFLUENZA_UNSPECIFIED,0,"(42.2477286, -73.6268046)",36021
2010-2011,WESTERN,CHAUTAUQUA,10,03/12/2011,INFLUENZA_B,2,"(42.3042159, -79.4075949)",36013
2012-2013,WESTERN,SCHUYLER,43,10/27/2012,INFLUENZA_B,0,"(42.419776, -76.9386038)",36097
2012-2013,METRO,ROCKLAND,9,03/02/2013,INFLUENZA_B,1,"(41.1547851, -74.0247721)",36087
2010-2011,CENTRAL,JEFFERSON,44,11/06/2010,INFLUENZA_UNSPECIFIED,0,"(44.0607, -75.9928)",36045
2011-2012,WESTERN,CATTARAUGUS,18,05/05/2012,INFLUENZA_UNSPECIFIED,0,"(42.2448527, -78.6810055)",36009
2011-2012,CENTRAL,CORTLAND,43,10/29/2011,INFLUENZA_A,0,"(42.5938237, -76.0762647)",36023
2011-2012,CENTRAL,CORTLAND,4,01/28/2012,INFLUENZA_B,0,"(42.5938237, -76.0762647)",36023
2012-2013,WESTERN,ONTARIO,49,12/08/2012,INFLUENZA_A,12,"(42.8566949, -77.3032768)",36069
2012-2013,WESTERN,ORLEANS,48,12/01/2012,INFLUENZA_B,0,"(43.209007, -78.254897)",36073
2011-2012,CENTRAL,CORTLAND,41,10/15/2011,INFLUENZA_UNSPECIFIED,0,"(42.5938237, -76.0762647)",36023
2009-2010,CENTRAL,ST LAWRENCE,52,01/02/2010,INFLUENZA_B,0,"(44.4881125, -75.074311)",36089
2012-2013,WESTERN,ERIE,10,03/09/2013,INFLUENZA_B,30,"(42.752759, -78.7781922)",36029
2011-2012,CAPITAL DISTRICT,ALBANY,3,01/21/2012,INFLUENZA_B,0,"(42.5882713, -73.9740136)",36001
2010-2011,CAPITAL DISTRICT,DELAWARE,13,04/02/2011,INFLUENZA_UNSPECIFIED,0,"(42.1939865, -74.966728)",36025
2009-2010,NYC,QUEENS,17,05/01/2010,INFLUENZA_B,1,"(40.7282, -73.7949)",36081
2011-2012,WESTERN,CHEMUNG,51,12/24/2011,INFLUENZA_B,0,"(42.1552807, -76.7471788)",36015
2012-2013,METRO,SULLIVAN,45,11/10/2012,INFLUENZA_A,0,"(41.7201763, -74.7646796)",36105
2009-2010,WESTERN,SCHUYLER,10,03/13/2010,INFLUENZA_A,0,"(42.419776, -76.9386038)",36097
2011-2012,CENTRAL,OSWEGO,40,10/08/2011,INFLUENZA_UNSPECIFIED,0,"(43.4614428, -76.209258)",36075
2011-2012,CENTRAL,MADISON,18,05/05/2012,INFLUENZA_A,0,"(42.9100255, -75.6635749)",36053
2011-2012,WESTERN,CHEMUNG,10,03/10/2012,INFLUENZA_UNSPECIFIED,0,"(42.1552807, -76.7471788)",36015
2010-2011,WESTERN,WYOMING,52,01/01/2011,INFLUENZA_B,0,"(42.7013627, -78.2285667)",36121
2009-2010,CAPITAL DISTRICT,CLINTON,49,12/12/2009,INFLUENZA_B,0,"(44.7527103, -73.7056478)",36019
2010-2011,WESTERN,CATTARAUGUS,17,04/30/2011,INFLUENZA_A,0,"(42.2448527, -78.6810055)",36009
2012-2013,METRO,ROCKLAND,15,04/13/2013,INFLUENZA_UNSPECIFIED,0,"(41.1547851, -74.0247721)",36087
2013-2014,CENTRAL,JEFFERSON,17,04/26/2014,INFLUENZA_B,5,"(44.0607, -75.9928)",36045
2012-2013,CENTRAL,CORTLAND,41,10/13/2012,INFLUENZA_A,0,"(42.5938237, -76.0762647)",36023
2013-2014,WESTERN,MONROE,1,01/04/2014,INFLUENZA_A,113,"(43.174966, -77.639663)",36055
2011-2012,CAPITAL DISTRICT,HAMILTON,40,10/08/2011,INFLUENZA_A,0,"(43.6578786, -74.5024556)",36041
2013-2014,WESTERN,MONROE,51,12/21/2013,INFLUENZA_UNSPECIFIED,0,"(43.174966, -77.639663)",36055
2011-2012,CENTRAL,CHENANGO,2,01/14/2012,INFLUENZA_UNSPECIFIED,0,"(42.489732, -75.6049051)",36017
2011-2012,CENTRAL,HERKIMER,14,04/07/2012,INFLUENZA_A,0,"(43.1631, -74.8741)",36043
2012-2013,WESTERN,SCHUYLER,46,11/17/2012,INFLUENZA_B,0,"(42.419776, -76.9386038)",36097
2009-2010,NYC,KINGS,45,11/14/2009,INFLUENZA_B,0,"(40.6782, -73.9442)",36047
2010-2011,CENTRAL,CAYUGA,50,12/18/2010,INFLUENZA_UNSPECIFIED,0,"(43.0085456, -76.5745866)",36011
2011-2012,CAPITAL DISTRICT,WASHINGTON,44,11/05/2011,INFLUENZA_B,0,"(43.3123766, -73.4394282)",36115
2012-2013,CENTRAL,ONEIDA,2,01/12/2013,INFLUENZA_A,27,"(43.2427273, -75.4342824)",36065
2009-2010,CENTRAL,CAYUGA,48,12/05/2009,INFLUENZA_A,4,"(43.0085456, -76.5745866)",36011
2009-2010,CAPITAL DISTRICT,ESSEX,4,01/30/2010,INFLUENZA_B,0,"(44.1089711, -73.7775726)",36031
2011-2012,CAPITAL DISTRICT,SCHOHARIE,19,05/12/2012,INFLUENZA_B,0,"(42.591294, -74.4381718)",36095
2010-2011,WESTERN,WYOMING,10,03/12/2011,INFLUENZA_A,3,"(42.7013627, -78.2285667)",36121
2012-2013,CAPITAL DISTRICT,MONTGOMERY,5,02/02/2013,INFLUENZA_A,2,"(42.9008912, -74.4353575)",36057
2010-2011,CAPITAL DISTRICT,ESSEX,47,11/27/2010,INFLUENZA_UNSPECIFIED,0,"(44.1089711, -73.7775726)",36031
2010-2011,METRO,DUTCHESS,6,02/12/2011,INFLUENZA_B,2,"(41.7550085, -73.7399512)",36027
2012-2013,METRO,SUFFOLK,12,03/23/2013,INFLUENZA_A,5,"(40.943554, -72.6922184)",36103
2010-2011,METRO,PUTNAM,44,11/06/2010,INFLUENZA_B,0,"(41.4351, -73.7949)",36079
2012-2013,METRO,ROCKLAND,18,05/04/2013,INFLUENZA_B,4,"(41.1547851, -74.0247721)",36087
2012-2013,CAPITAL DISTRICT,CLINTON,41,10/13/2012,INFLUENZA_UNSPECIFIED,0,"(44.7527103, -73.7056478)",36019
2011-2012,WESTERN,SCHUYLER,9,03/03/2012,INFLUENZA_UNSPECIFIED,0,"(42.419776, -76.9386038)",36097
2011-2012,METRO,SUFFOLK,15,04/14/2012,INFLUENZA_A,17,"(40.943554, -72.6922184)",36103
2012-2013,WESTERN,GENESEE,6,02/09/2013,INFLUENZA_UNSPECIFIED,0,"(43.0009096, -78.1927784)",36037
2011-2012,CAPITAL DISTRICT,ESSEX,40,10/08/2011,INFLUENZA_A,0,"(44.1089711, -73.7775726)",36031
2009-2010,NYC,BRONX,52,01/02/2010,INFLUENZA_A,55,"(40.8448, -73.8648)",36005
2010-2011,METRO,PUTNAM,42,10/23/2010,INFLUENZA_B,0,"(41.4351, -73.7949)",36079
2011-2012,CENTRAL,CORTLAND,18,05/05/2012,INFLUENZA_UNSPECIFIED,0,"(42.5938237, -76.0762647)",36023
2009-2010,NYC,BRONX,50,12/19/2009,INFLUENZA_B,2,"(40.8448, -73.8648)",36005
2010-2011,CENTRAL,JEFFERSON,9,03/05/2011,INFLUENZA_A,4,"(44.0607, -75.9928)",36045
2009-2010,CENTRAL,CORTLAND,42,10/24/2009,INFLUENZA_A,0,"(42.5938237, -76.0762647)",36023
2012-2013,NYC,BRONX,45,11/10/2012,INFLUENZA_A,5,"(40.8448, -73.8648)",36005
2009-2010,CAPITAL DISTRICT,HAMILTON,4,01/30/2010,INFLUENZA_B,0,"(43.6578786, -74.5024556)",36041
2013-2014,CAPITAL DISTRICT,SARATOGA,40,10/05/2013,INFLUENZA_UNSPECIFIED,0,"(43.1061353, -73.8553872)",36091
2009-2010,WESTERN,WYOMING,18,05/08/2010,INFLUENZA_UNSPECIFIED,0,"(42.7013627, -78.2285667)",36121
2010-2011,WESTERN,ORLEANS,11,03/19/2011,INFLUENZA_UNSPECIFIED,0,"(43.209007, -78.254897)",36073
2011-2012,CAPITAL DISTRICT,WASHINGTON,8,02/25/2012,INFLUENZA_A,0,"(43.3123766, -73.4394282)",36115
2009-2010,WESTERN,ONTARIO,18,05/08/2010,INFLUENZA_B,0,"(42.8566949, -77.3032768)",36069
2010-2011,METRO,ULSTER,7,02/19/2011,INFLUENZA_A,8,"(41.9472321, -74.265447)",36111
2013-2014,WESTERN,ALLEGANY,11,03/15/2014,INFLUENZA_B,0,"(42.2478938, -78.0261758)",36003
2013-2014,CENTRAL,ST LAWRENCE,16,04/19/2014,INFLUENZA_A,4,"(44.4881125, -75.074311)",36089
2009-2010,NYC,KINGS,18,05/08/2010,INFLUENZA_B,1,"(40.6782, -73.9442)",36047
2009-2010,CENTRAL,ST LAWRENCE,44,11/07/2009,INFLUENZA_UNSPECIFIED,0,"(44.4881125, -75.074311)",36089
2013-2014,CENTRAL,BROOME,19,05/10/2014,INFLUENZA_A,5,"(42.1619773, -75.830291)",36007
2010-2011,NYC,BRONX,1,01/08/2011,INFLUENZA_B,5,"(40.8448, -73.8648)",36005
2013-2014,CENTRAL,CORTLAND,50,12/14/2013,INFLUENZA_A,3,"(42.5938237, -76.0762647)",36023
2009-2010,CENTRAL,HERKIMER,44,11/07/2009,INFLUENZA_B,0,"(43.1631, -74.8741)",36043
2012-2013,WESTERN,STEUBEN,16,04/20/2013,INFLUENZA_A,0,"(42.2667252, -77.3855253)",36101
2009-2010,CENTRAL,MADISON,52,01/02/2010,INFLUENZA_A,0,"(42.9100255, -75.6635749)",36053
2012-2013,CAPITAL DISTRICT,CLINTON,18,05/04/2013,INFLUENZA_B,0,"(44.7527103, -73.7056478)",36019
2011-2012,WESTERN,ONTARIO,17,04/28/2012,INFLUENZA_UNSPECIFIED,0,"(42.8566949, -77.3032768)",36069
2009-2010,CAPITAL DISTRICT,RENSSELAER,15,04/17/2010,INFLUENZA_B,0,"(42.7104206, -73.5138454)",36083
2010-2011,CAPITAL DISTRICT,ALBANY,47,11/27/2010,INFLUENZA_B,0,"(42.5882713, -73.9740136)",36001
2012-2013,NYC,NEW YORK,3,01/19/2013,INFLUENZA_UNSPECIFIED,25,"(40.7831, -73.9712)",36061
2010-2011,CENTRAL,CAYUGA,48,12/04/2010,INFLUENZA_UNSPECIFIED,0,"(43.0085456, -76.5745866)",36011
2011-2012,WESTERN,CHAUTAUQUA,45,11/12/2011,INFLUENZA_A,0,"(42.3042159, -79.4075949)",36013
2012-2013,METRO,ROCKLAND,5,02/02/2013,INFLUENZA_B,0,"(41.1547851, -74.0247721)",36087
2010-2011,WESTERN,GENESEE,10,03/12/2011,INFLUENZA_A,17,"(43.0009096, -78.1927784)",36037
2009-2010,NYC,RICHMOND,7,02/20/2010,INFLUENZA_B,0,"(40.5795, -74.1502)",36085
2013-2014,CENTRAL,JEFFERSON,46,11/16/2013,INFLUENZA_A,0,"(44.0607, -75.9928)",36045
2011-2012,METRO,ROCKLAND,47,11/26/2011,INFLUENZA_UNSPECIFIED,0,"(41.1547851, -74.0247721)",36087
2013-2014,WESTERN,CHEMUNG,9,03/01/2014,INFLUENZA_UNSPECIFIED,0,"(42.1552807, -76.7471788)",36015
2010-2011,WESTERN,YATES,8,02/26/2011,INFLUENZA_UNSPECIFIED,0,"(42.6431, -77.1485)",36123
2012-2013,WESTERN,SCHUYLER,44,11/03/2012,INFLUENZA_B,0,"(42.419776, -76.9386038)",36097
2010-2011,CENTRAL,BROOME,44,11/06/2010,INFLUENZA_B,0,"(42.1619773, -75.830291)",36007
2012-2013,CENTRAL,ONONDAGA,9,03/02/2013,INFLUENZA_A,7,"(43.0065299, -76.1961167)",36067
2011-2012,METRO,DUTCHESS,18,05/05/2012,INFLUENZA_UNSPECIFIED,0,"(41.7550085, -73.7399512)",36027
2013-2014,CAPITAL DISTRICT,OTSEGO,51,12/21/2013,INFLUENZA_UNSPECIFIED,0,"(42.6297762, -75.028841)",36077
2009-2010,CAPITAL DISTRICT,OTSEGO,50,12/19/2009,INFLUENZA_UNSPECIFIED,0,"(42.6297762, -75.028841)",36077
2012-2013,CENTRAL,BROOME,20,05/18/2013,INFLUENZA_A,0,"(42.1619773, -75.830291)",36007
2013-2014,CAPITAL DISTRICT,RENSSELAER,20,05/17/2014,INFLUENZA_B,2,"(42.7104206, -73.5138454)",36083
2011-2012,CENTRAL,ONONDAGA,46,11/19/2011,INFLUENZA_B,0,"(43.0065299, -76.1961167)",36067
2009-2010,CENTRAL,TOMPKINS,4,01/30/2010,INFLUENZA_UNSPECIFIED,0,"(42.4532811, -76.4737116)",36109
2012-2013,CENTRAL,LEWIS,14,04/06/2013,INFLUENZA_A,0,"(43.7863965, -75.4426165)",36049
2009-2010,METRO,ULSTER,43,10/31/2009,INFLUENZA_UNSPECIFIED,0,"(41.9472321, -74.265447)",36111
2009-2010,CAPITAL DISTRICT,DELAWARE,45,11/14/2009,INFLUENZA_A,22,"(42.1939865, -74.966728)",36025
2012-2013,WESTERN,MONROE,41,10/13/2012,INFLUENZA_B,0,"(43.174966, -77.639663)",36055
2011-2012,NYC,NEW YORK,42,10/22/2011,INFLUENZA_B,0,"(40.7831, -73.9712)",36061
2010-2011,METRO,DUTCHESS,51,12/25/2010,INFLUENZA_UNSPECIFIED,0,"(41.7550085, -73.7399512)",36027
2009-2010,CAPITAL DISTRICT,FRANKLIN,16,04/24/2010,INFLUENZA_A,0,"(44.5943743, -74.3106698)",36033
2012-2013,WESTERN,GENESEE,2,01/12/2013,INFLUENZA_B,1,"(43.0009096, -78.1927784)",36037
2009-2010,METRO,SUFFOLK,17,05/01/2010,INFLUENZA_A,6,"(40.943554, -72.6922184)",36103
2009-2010,CENTRAL,ONONDAGA,41,10/17/2009,INFLUENZA_UNSPECIFIED,0,"(43.0065299, -76.1961167)",36067
2012-2013,CENTRAL,CAYUGA,9,03/02/2013,INFLUENZA_B,0,"(43.0085456, -76.5745866)",36011
2009-2010,WESTERN,ORLEANS,48,12/05/2009,INFLUENZA_B,0,"(43.209007, -78.254897)",36073
2011-2012,WESTERN,GENESEE,4,01/28/2012,INFLUENZA_UNSPECIFIED,0,"(43.0009096, -78.1927784)",36037
2010-2011,WESTERN,ONTARIO,42,10/23/2010,INFLUENZA_A,1,"(42.8566949, -77.3032768)",36069
2009-2010,CENTRAL,TOMPKINS,14,04/10/2010,INFLUENZA_A,0,"(42.4532811, -76.4737116)",36109
2012-2013,METRO,SUFFOLK,40,10/06/2012,INFLUENZA_UNSPECIFIED,0,"(40.943554, -72.6922184)",36103
2013-2014,WESTERN,ONTARIO,5,02/01/2014,INFLUENZA_UNSPECIFIED,0,"(42.8566949, -77.3032768)",36069
2012-2013,NYC,RICHMOND,9,03/02/2013,INFLUENZA_B,14,"(40.5795, -74.1502)",36085
2012-2013,CENTRAL,LEWIS,1,01/05/2013,INFLUENZA_A,13,"(43.7863965, -75.4426165)",36049
2013-2014,WESTERN,CHEMUNG,51,12/21/2013,INFLUENZA_UNSPECIFIED,0,"(42.1552807, -76.7471788)",36015
2010-2011,NYC,KINGS,10,03/12/2011,INFLUENZA_A,11,"(40.6782, -73.9442)",36047
2010-2011,WESTERN,CHEMUNG,5,02/05/2011,INFLUENZA_UNSPECIFIED,0,"(42.1552807, -76.7471788)",36015
2009-2010,CENTRAL,ONONDAGA,47,11/28/2009,INFLUENZA_B,0,"(43.0065299, -76.1961167)",36067
2009-2010,NYC,RICHMOND,4,01/30/2010,INFLUENZA_B,0,"(40.5795, -74.1502)",36085
2010-2011,WESTERN,MONROE,20,05/21/2011,INFLUENZA_B,1,"(43.174966, -77.639663)",36055
2009-2010,WESTERN,ALLEGANY,6,02/13/2010,INFLUENZA_B,0,"(42.2478938, -78.0261758)",36003
2011-2012,CAPITAL DISTRICT,WARREN,14,04/07/2012,INFLUENZA_A,0,"(43.5551053, -73.8381388)",36113
2013-2014,CENTRAL,ONONDAGA,8,02/22/2014,INFLUENZA_B,0,"(43.0065299, -76.1961167)",36067
2012-2013,WESTERN,ONTARIO,16,04/20/2013,INFLUENZA_UNSPECIFIED,0,"(42.8566949, -77.3032768)",36069
2012-2013,CAPITAL DISTRICT,WASHINGTON,8,02/23/2013,INFLUENZA_UNSPECIFIED,0,"(43.3123766, -73.4394282)",36115
2009-2010,WESTERN,WYOMING,13,04/03/2010,INFLUENZA_A,0,"(42.7013627, -78.2285667)",36121
2011-2012,WESTERN,MONROE,3,01/21/2012,INFLUENZA_B,0,"(43.174966, -77.639663)",36055
2010-2011,WESTERN,CHEMUNG,42,10/23/2010,INFLUENZA_A,0,"(42.1552807, -76.7471788)",36015
2009-2010,CENTRAL,TOMPKINS,14,04/10/2010,INFLUENZA_B,0,"(42.4532811, -76.4737116)",36109
2013-2014,CAPITAL DISTRICT,SCHENECTADY,3,01/18/2014,INFLUENZA_A,44,"(42.8175421, -74.0435834)",36093
2011-2012,METRO,ULSTER,47,11/26/2011,INFLUENZA_A,0,"(41.9472321, -74.265447)",36111
2012-2013,METRO,PUTNAM,1,01/05/2013,INFLUENZA_UNSPECIFIED,0,"(41.4351, -73.7949)",36079
2012-2013,WESTERN,ONTARIO,40,10/06/2012,INFLUENZA_UNSPECIFIED,0,"(42.8566949, -77.3032768)",36069
2012-2013,WESTERN,ERIE,11,03/16/2013,INFLUENZA_A,12,"(42.752759, -78.7781922)",36029
2011-2012,CAPITAL DISTRICT,GREENE,10,03/10/2012,INFLUENZA_UNSPECIFIED,0,"(42.2869511, -74.1494949)",36039
2012-2013,WESTERN,NIAGARA,12,03/23/2013,INFLUENZA_UNSPECIFIED,0,"(43.203001, -78.71083)",36063
2011-2012,CAPITAL DISTRICT,OTSEGO,10,03/10/2012,INFLUENZA_A,2,"(42.6297762, -75.028841)",36077
2013-2014,WESTERN,CHEMUNG,44,11/02/2013,INFLUENZA_B,0,"(42.1552807, -76.7471788)",36015
2010-2011,CAPITAL DISTRICT,RENSSELAER,52,01/01/2011,INFLUENZA_B,0,"(42.7104206, -73.5138454)",36083
2011-2012,METRO,ORANGE,1,01/07/2012,INFLUENZA_A,0,"(41.4024096, -74.3062522)",36071
2011-2012,CENTRAL,MADISON,10,03/10/2012,INFLUENZA_A,1,"(42.9100255, -75.6635749)",36053
2012-2013,METRO,SULLIVAN,4,01/26/2013,INFLUENZA_A,3,"(41.7201763, -74.7646796)",36105
2009-2010,CAPITAL DISTRICT,RENSSELAER,13,04/03/2010,INFLUENZA_UNSPECIFIED,0,"(42.7104206, -73.5138454)",36083
2012-2013,CAPITAL DISTRICT,CLINTON,40,10/06/2012,INFLUENZA_A,0,"(44.7527103, -73.7056478)",36019
2009-2010,WESTERN,WAYNE,50,12/19/2009,INFLUENZA_B,0,"(43.202, -77.0104)",36117
2010-2011,CENTRAL,LEWIS,7,02/19/2011,INFLUENZA_B,13,"(43.7863965, -75.4426165)",36049
2012-2013,CENTRAL,OSWEGO,51,12/22/2012,INFLUENZA_A,153,"(43.4614428, -76.209258)",36075
2012-2013,WESTERN,ERIE,6,02/09/2013,INFLUENZA_UNSPECIFIED,0,"(42.752759, -78.7781922)",36029
2010-2011,CENTRAL,CHENANGO,8,02/26/2011,INFLUENZA_B,7,"(42.489732, -75.6049051)",36017
2012-2013,CAPITAL DISTRICT,SCHOHARIE,44,11/03/2012,INFLUENZA_UNSPECIFIED,0,"(42.591294, -74.4381718)",36095
2010-2011,METRO,ULSTER,2,01/15/2011,INFLUENZA_B,0,"(41.9472321, -74.265447)",36111
2009-2010,CENTRAL,JEFFERSON,48,12/05/2009,INFLUENZA_A,3,"(44.0607, -75.9928)",36045
2011-2012,WESTERN,LIVINGSTON,14,04/07/2012,INFLUENZA_UNSPECIFIED,0,"(42.7274845, -77.7697795)",36051
2013-2014,CAPITAL DISTRICT,RENSSELAER,15,04/12/2014,INFLUENZA_UNSPECIFIED,0,"(42.7104206, -73.5138454)",36083
2013-2014,CENTRAL,MADISON,47,11/23/2013,INFLUENZA_A,0,"(42.9100255, -75.6635749)",36053
2010-2011,WESTERN,ONTARIO,10,03/12/2011,INFLUENZA_B,5,"(42.8566949, -77.3032768)",36069
2009-2010,CAPITAL DISTRICT,CLINTON,50,12/19/2009,INFLUENZA_B,0,"(44.7527103, -73.7056478)",36019
2013-2014,CENTRAL,JEFFERSON,3,01/18/2014,INFLUENZA_UNSPECIFIED,0,"(44.0607, -75.9928)",36045
2012-2013,CENTRAL,TOMPKINS,43,10/27/2012,INFLUENZA_B,0,"(42.4532811, -76.4737116)",36109
2012-2013,METRO,NASSAU,8,02/23/2013,INFLUENZA_UNSPECIFIED,0,"(40.7506561, -73.582905)",36059
2010-2011,WESTERN,CHEMUNG,42,10/23/2010,INFLUENZA_UNSPECIFIED,0,"(42.1552807, -76.7471788)",36015
2012-2013,CAPITAL DISTRICT,WARREN,2,01/12/2013,INFLUENZA_UNSPECIFIED,0,"(43.5551053, -73.8381388)",36113
2012-2013,CENTRAL,TOMPKINS,18,05/04/2013,INFLUENZA_A,0,"(42.4532811, -76.4737116)",36109
2010-2011,CENTRAL,MADISON,11,03/19/2011,INFLUENZA_UNSPECIFIED,0,"(42.9100255, -75.6635749)",36053
2011-2012,CENTRAL,CORTLAND,49,12/10/2011,INFLUENZA_UNSPECIFIED,0,"(42.5938237, -76.0762647)",36023
2013-2014,CAPITAL DISTRICT,FRANKLIN,5,02/01/2014,INFLUENZA_A,6,"(44.5943743, -74.3106698)",36033
2012-2013,CAPITAL DISTRICT,ALBANY,4,01/26/2013,INFLUENZA_B,3,"(42.5882713, -73.9740136)",36001
2010-2011,CAPITAL DISTRICT,MONTGOMERY,51,12/25/2010,INFLUENZA_B,0,"(42.9008912, -74.4353575)",36057
2010-2011,CAPITAL DISTRICT,FRANKLIN,15,04/16/2011,INFLUENZA_A,0,"(44.5943743, -74.3106698)",36033
2013-2014,CENTRAL,ST LAWRENCE,43,10/26/2013,INFLUENZA_UNSPECIFIED,0,"(44.4881125, -75.074311)",36089
2011-2012,WESTERN,NIAGARA,9,03/03/2012,INFLUENZA_B,0,"(43.203001, -78.71083)",36063
2011-2012,WESTERN,CATTARAUGUS,20,05/19/2012,INFLUENZA_UNSPECIFIED,0,"(42.2448527, -78.6810055)",36009
2010-2011,WESTERN,WYOMING,8,02/26/2011,INFLUENZA_UNSPECIFIED,0,"(42.7013627, -78.2285667)",36121
2011-2012,CENTRAL,CAYUGA,45,11/12/2011,INFLUENZA_UNSPECIFIED,0,"(43.0085456, -76.5745866)",36011
2010-2011,CENTRAL,ONONDAGA,51,12/25/2010,INFLUENZA_B,1,"(43.0065299, -76.1961167)",36067
2009-2010,CAPITAL DISTRICT,SARATOGA,20,05/22/2010,INFLUENZA_B,0,"(43.1061353, -73.8553872)",36091
2010-2011,CAPITAL DISTRICT,FRANKLIN,11,03/19/2011,INFLUENZA_B,0,"(44.5943743, -74.3106698)",36033
2011-2012,CAPITAL DISTRICT,CLINTON,1,01/07/2012,INFLUENZA_B,0,"(44.7527103, -73.7056478)",36019
2010-2011,CAPITAL DISTRICT,CLINTON,3,01/22/2011,INFLUENZA_B,0,"(44.7527103, -73.7056478)",36019
2010-2011,CENTRAL,TOMPKINS,42,10/23/2010,INFLUENZA_A,0,"(42.4532811, -76.4737116)",36109
2009-2010,CENTRAL,MADISON,40,10/10/2009,INFLUENZA_A,5,"(42.9100255, -75.6635749)",36053
2011-2012,CENTRAL,CAYUGA,3,01/21/2012,INFLUENZA_UNSPECIFIED,0,"(43.0085456, -76.5745866)",36011
2013-2014,CAPITAL DISTRICT,DELAWARE,12,03/22/2014,INFLUENZA_UNSPECIFIED,0,"(42.1939865, -74.966728)",36025
2010-2011,CAPITAL DISTRICT,ALBANY,4,01/29/2011,INFLUENZA_B,0,"(42.5882713, -73.9740136)",36001
2012-2013,CAPITAL DISTRICT,MONTGOMERY,49,12/08/2012,INFLUENZA_B,0,"(42.9008912, -74.4353575)",36057
2009-2010,METRO,ROCKLAND,5,02/06/2010,INFLUENZA_B,1,"(41.1547851, -74.0247721)",36087
2010-2011,WESTERN,LIVINGSTON,4,01/29/2011,INFLUENZA_A,5,"(42.7274845, -77.7697795)",36051
2009-2010,WESTERN,WYOMING,20,05/22/2010,INFLUENZA_UNSPECIFIED,0,"(42.7013627, -78.2285667)",36121
2012-2013,CAPITAL DISTRICT,OTSEGO,7,02/16/2013,INFLUENZA_A,3,"(42.6297762, -75.028841)",36077
2009-2010,CENTRAL,CAYUGA,7,02/20/2010,INFLUENZA_B,0,"(43.0085456, -76.5745866)",36011
2010-2011,WESTERN,SENECA,43,10/30/2010,INFLUENZA_A,0,"(42.7652, -76.8721)",36099
2013-2014,METRO,PUTNAM,47,11/23/2013,INFLUENZA_A,1,"(41.4351, -73.7949)",36079
2010-2011,METRO,ORANGE,20,05/21/2011,INFLUENZA_UNSPECIFIED,0,"(41.4024096, -74.3062522)",36071
2010-2011,WESTERN,ALLEGANY,1,01/08/2011,INFLUENZA_A,0,"(42.2478938, -78.0261758)",36003
2011-2012,CAPITAL DISTRICT,COLUMBIA,9,03/03/2012,INFLUENZA_UNSPECIFIED,0,"(42.2477286, -73.6268046)",36021
2012-2013,CAPITAL DISTRICT,ALBANY,9,03/02/2013,INFLUENZA_A,1,"(42.5882713, -73.9740136)",36001
2010-2011,CAPITAL DISTRICT,CLINTON,9,03/05/2011,INFLUENZA_UNSPECIFIED,0,"(44.7527103, -73.7056478)",36019
2011-2012,METRO,SUFFOLK,45,11/12/2011,INFLUENZA_B,0,"(40.943554, -72.6922184)",36103
2013-2014,CENTRAL,OSWEGO,17,04/26/2014,INFLUENZA_A,1,"(43.4614428, -76.209258)",36075
2012-2013,METRO,ULSTER,4,01/26/2013,INFLUENZA_B,1,"(41.9472321, -74.265447)",36111
2011-2012,CENTRAL,CAYUGA,46,11/19/2011,INFLUENZA_UNSPECIFIED,0,"(43.0085456, -76.5745866)",36011
2011-2012,CAPITAL DISTRICT,RENSSELAER,52,12/31/2011,INFLUENZA_UNSPECIFIED,0,"(42.7104206, -73.5138454)",36083
2013-2014,CENTRAL,ONONDAGA,50,12/14/2013,INFLUENZA_UNSPECIFIED,0,"(43.0065299, -76.1961167)",36067
2010-2011,CENTRAL,JEFFERSON,17,04/30/2011,INFLUENZA_B,0,"(44.0607, -75.9928)",36045
2010-2011,CAPITAL DISTRICT,SARATOGA,49,12/11/2010,INFLUENZA_A,0,"(43.1061353, -73.8553872)",36091
2012-2013,CAPITAL DISTRICT,ALBANY,2,01/12/2013,INFLUENZA_A,65,"(42.5882713, -73.9740136)",36001
2009-2010,CENTRAL,TOMPKINS,6,02/13/2010,INFLUENZA_A,0,"(42.4532811, -76.4737116)",36109
2012-2013,METRO,SULLIVAN,15,04/13/2013,INFLUENZA_A,0,"(41.7201763, -74.7646796)",36105
2011-2012,WESTERN,CHEMUNG,15,04/14/2012,INFLUENZA_UNSPECIFIED,0,"(42.1552807, -76.7471788)",36015
2010-2011,METRO,ROCKLAND,41,10/16/2010,INFLUENZA_B,0,"(41.1547851, -74.0247721)",36087
2011-2012,CAPITAL DISTRICT,FRANKLIN,50,12/17/2011,INFLUENZA_UNSPECIFIED,0,"(44.5943743, -74.3106698)",36033
2012-2013,METRO,ROCKLAND,11,03/16/2013,INFLUENZA_UNSPECIFIED,0,"(41.1547851, -74.0247721)",36087
2009-2010,CENTRAL,JEFFERSON,13,04/03/2010,INFLUENZA_B,0,"(44.0607, -75.9928)",36045
2011-2012,CENTRAL,LEWIS,16,04/21/2012,INFLUENZA_A,2,"(43.7863965, -75.4426165)",36049
2012-2013,WESTERN,CATTARAUGUS,48,12/01/2012,INFLUENZA_B,0,"(42.2448527, -78.6810055)",36009
2011-2012,METRO,NASSAU,45,11/12/2011,INFLUENZA_UNSPECIFIED,0,"(40.7506561, -73.582905)",36059
2012-2013,METRO,PUTNAM,11,03/16/2013,INFLUENZA_B,3,"(41.4351, -73.7949)",36079
2010-2011,CAPITAL DISTRICT,COLUMBIA,43,10/30/2010,INFLUENZA_B,0,"(42.2477286, -73.6268046)",36021
2010-2011,CAPITAL DISTRICT,FULTON,9,03/05/2011,INFLUENZA_B,2,"(43.1156093, -74.4236782)",36035
2009-2010,WESTERN,LIVINGSTON,47,11/28/2009,INFLUENZA_UNSPECIFIED,0,"(42.7274845, -77.7697795)",36051
2012-2013,CAPITAL DISTRICT,COLUMBIA,45,11/10/2012,INFLUENZA_A,0,"(42.2477286, -73.6268046)",36021
2013-2014,CENTRAL,CHENANGO,42,10/19/2013,INFLUENZA_B,0,"(42.489732, -75.6049051)",36017
2010-2011,METRO,SUFFOLK,40,10/09/2010,INFLUENZA_UNSPECIFIED,0,"(40.943554, -72.6922184)",36103
2009-2010,METRO,SULLIVAN,20,05/22/2010,INFLUENZA_A,0,"(41.7201763, -74.7646796)",36105
2010-2011,CENTRAL,ONONDAGA,7,02/19/2011,INFLUENZA_B,28,"(43.0065299, -76.1961167)",36067
2011-2012,CAPITAL DISTRICT,FRANKLIN,12,03/24/2012,INFLUENZA_UNSPECIFIED,0,"(44.5943743, -74.3106698)",36033
2010-2011,NYC,NEW YORK,2,01/15/2011,INFLUENZA_B,3,"(40.7831, -73.9712)",36061
2013-2014,CENTRAL,BROOME,46,11/16/2013,INFLUENZA_B,0,"(42.1619773, -75.830291)",36007
2013-2014,WESTERN,SCHUYLER,9,03/01/2014,INFLUENZA_A,3,"(42.419776, -76.9386038)",36097
2012-2013,CENTRAL,MADISON,17,04/27/2013,INFLUENZA_UNSPECIFIED,0,"(42.9100255, -75.6635749)",36053
2009-2010,NYC,NEW YORK,15,04/17/2010,INFLUENZA_A,1,"(40.7831, -73.9712)",36061
2013-2014,CAPITAL DISTRICT,COLUMBIA,8,02/22/2014,INFLUENZA_B,4,"(42.2477286, -73.6268046)",36021
2011-2012,METRO,ORANGE,47,11/26/2011,INFLUENZA_B,0,"(41.4024096, -74.3062522)",36071
2011-2012,WESTERN,ONTARIO,19,05/12/2012,INFLUENZA_UNSPECIFIED,0,"(42.8566949, -77.3032768)",36069
2012-2013,CENTRAL,TOMPKINS,41,10/13/2012,INFLUENZA_UNSPECIFIED,0,"(42.4532811, -76.4737116)",36109
2013-2014,CAPITAL DISTRICT,COLUMBIA,18,05/03/2014,INFLUENZA_B,2,"(42.2477286, -73.6268046)",36021
2010-2011,CENTRAL,TOMPKINS,3,01/22/2011,INFLUENZA_UNSPECIFIED,0,"(42.4532811, -76.4737116)",36109
2011-2012,CENTRAL,OSWEGO,42,10/22/2011,INFLUENZA_B,0,"(43.4614428, -76.209258)",36075
2012-2013,CAPITAL DISTRICT,ESSEX,10,03/09/2013,INFLUENZA_A,1,"(44.1089711, -73.7775726)",36031
2010-2011,CAPITAL DISTRICT,WASHINGTON,10,03/12/2011,INFLUENZA_B,0,"(43.3123766, -73.4394282)",36115
2009-2010,WESTERN,ORLEANS,5,02/06/2010,INFLUENZA_UNSPECIFIED,0,"(43.209007, -78.254897)",36073
2013-2014,WESTERN,LIVINGSTON,51,12/21/2013,INFLUENZA_UNSPECIFIED,0,"(42.7274845, -77.7697795)",36051
2009-2010,CAPITAL DISTRICT,FRANKLIN,42,10/24/2009,INFLUENZA_UNSPECIFIED,1,"(44.5943743, -74.3106698)",36033
2011-2012,METRO,ROCKLAND,5,02/04/2012,INFLUENZA_B,0,"(41.1547851, -74.0247721)",36087
2013-2014,CAPITAL DISTRICT,GREENE,2,01/11/2014,INFLUENZA_B,1,"(42.2869511, -74.1494949)",36039
2010-2011,CENTRAL,ONONDAGA,13,04/02/2011,INFLUENZA_A,12,"(43.0065299, -76.1961167)",36067
2009-2010,METRO,ORANGE,41,10/17/2009,INFLUENZA_UNSPECIFIED,1,"(41.4024096, -74.3062522)",36071
2010-2011,NYC,RICHMOND,19,05/14/2011,INFLUENZA_UNSPECIFIED,0,"(40.5795, -74.1502)",36085
2013-2014,WESTERN,ALLEGANY,7,02/15/2014,INFLUENZA_A,18,"(42.2478938, -78.0261758)",36003
2012-2013,WESTERN,ORLEANS,12,03/23/2013,INFLUENZA_B,5,"(43.209007, -78.254897)",36073
2010-2011,NYC,RICHMOND,44,11/06/2010,INFLUENZA_B,0,"(40.5795, -74.1502)",36085
2012-2013,CAPITAL DISTRICT,WASHINGTON,41,10/13/2012,INFLUENZA_A,0,"(43.3123766, -73.4394282)",36115
2010-2011,NYC,RICHMOND,40,10/09/2010,INFLUENZA_A,1,"(40.5795, -74.1502)",36085
2013-2014,CENTRAL,ONONDAGA,11,03/15/2014,INFLUENZA_UNSPECIFIED,0,"(43.0065299, -76.1961167)",36067
2009-2010,CENTRAL,LEWIS,10,03/13/2010,INFLUENZA_B,0,"(43.7863965, -75.4426165)",36049
2010-2011,CENTRAL,ONONDAGA,3,01/22/2011,INFLUENZA_A,25,"(43.0065299, -76.1961167)",36067
2010-2011,NYC,BRONX,45,11/13/2010,INFLUENZA_UNSPECIFIED,1,"(40.8448, -73.8648)",36005
2009-2010,WESTERN,LIVINGSTON,20,05/22/2010,INFLUENZA_B,0,"(42.7274845, -77.7697795)",36051
2012-2013,CAPITAL DISTRICT,FULTON,15,04/13/2013,INFLUENZA_UNSPECIFIED,0,"(43.1156093, -74.4236782)",36035
2010-2011,WESTERN,YATES,3,01/22/2011,INFLUENZA_UNSPECIFIED,0,"(42.6431, -77.1485)",36123
2012-2013,CENTRAL,LEWIS,19,05/11/2013,INFLUENZA_A,0,"(43.7863965, -75.4426165)",36049
2011-2012,WESTERN,LIVINGSTON,17,04/28/2012,INFLUENZA_B,0,"(42.7274845, -77.7697795)",36051
2010-2011,METRO,ROCKLAND,17,04/30/2011,INFLUENZA_UNSPECIFIED,0,"(41.1547851, -74.0247721)",36087
2010-2011,CAPITAL DISTRICT,SARATOGA,20,05/21/2011,INFLUENZA_A,0,"(43.1061353, -73.8553872)",36091
2009-2010,WESTERN,LIVINGSTON,19,05/15/2010,INFLUENZA_B,0,"(42.7274845, -77.7697795)",36051
2012-2013,CAPITAL DISTRICT,WARREN,42,10/20/2012,INFLUENZA_B,0,"(43.5551053, -73.8381388)",36113
2011-2012,NYC,BRONX,1,01/07/2012,INFLUENZA_UNSPECIFIED,0,"(40.8448, -73.8648)",36005
2013-2014,CENTRAL,BROOME,50,12/14/2013,INFLUENZA_A,5,"(42.1619773, -75.830291)",36007
2012-2013,CAPITAL DISTRICT,GREENE,40,10/06/2012,INFLUENZA_A,0,"(42.2869511, -74.1494949)",36039
2009-2010,CENTRAL,TIOGA,9,03/06/2010,INFLUENZA_B,0,"(42.1256, -76.3637)",36107
2010-2011,CAPITAL DISTRICT,SCHENECTADY,41,10/16/2010,INFLUENZA_A,0,"(42.8175421, -74.0435834)",36093
2011-2012,CAPITAL DISTRICT,GREENE,52,12/31/2011,INFLUENZA_B,0,"(42.2869511, -74.1494949)",36039
2009-2010,WESTERN,MONROE,50,12/19/2009,INFLUENZA_A,19,"(43.174966, -77.639663)",36055
2011-2012,WESTERN,GENESEE,1,01/07/2012,INFLUENZA_B,0,"(43.0009096, -78.1927784)",36037
2009-2010,WESTERN,NIAGARA,7,02/20/2010,INFLUENZA_UNSPECIFIED,0,"(43.203001, -78.71083)",36063
2011-2012,CENTRAL,LEWIS,40,10/08/2011,INFLUENZA_UNSPECIFIED,0,"(43.7863965, -75.4426165)",36049
2009-2010,CENTRAL,MADISON,19,05/15/2010,INFLUENZA_B,0,"(42.9100255, -75.6635749)",36053
2012-2013,CAPITAL DISTRICT,MONTGOMERY,44,11/03/2012,INFLUENZA_A,0,"(42.9008912, -74.4353575)",36057
2011-2012,CAPITAL DISTRICT,WASHINGTON,7,02/18/2012,INFLUENZA_A,0,"(43.3123766, -73.4394282)",36115
2013-2014,CAPITAL DISTRICT,COLUMBIA,3,01/18/2014,INFLUENZA_A,12,"(42.2477286, -73.6268046)",36021
2010-2011,WESTERN,LIVINGSTON,7,02/19/2011,INFLUENZA_B,1,"(42.7274845, -77.7697795)",36051
2009-2010,WESTERN,GENESEE,48,12/05/2009,INFLUENZA_A,2,"(43.0009096, -78.1927784)",36037
2011-2012,CENTRAL,LEWIS,20,05/19/2012,INFLUENZA_UNSPECIFIED,0,"(43.7863965, -75.4426165)",36049
2010-2011,CENTRAL,LEWIS,19,05/14/2011,INFLUENZA_B,0,"(43.7863965, -75.4426165)",36049
2011-2012,CENTRAL,CAYUGA,9,03/03/2012,INFLUENZA_B,0,"(43.0085456, -76.5745866)",36011
2011-2012,METRO,ORANGE,14,04/07/2012,INFLUENZA_UNSPECIFIED,0,"(41.4024096, -74.3062522)",36071
2010-2011,CENTRAL,OSWEGO,7,02/19/2011,INFLUENZA_A,15,"(43.4614428, -76.209258)",36075
2011-2012,METRO,SUFFOLK,1,01/07/2012,INFLUENZA_UNSPECIFIED,0,"(40.943554, -72.6922184)",36103
2012-2013,METRO,SUFFOLK,9,03/02/2013,INFLUENZA_UNSPECIFIED,0,"(40.943554, -72.6922184)",36103
2013-2014,CAPITAL DISTRICT,HAMILTON,49,12/07/2013,INFLUENZA_A,0,"(43.6578786, -74.5024556)",36041
2011-2012,WESTERN,ONTARIO,5,02/04/2012,INFLUENZA_A,0,"(42.8566949, -77.3032768)",36069
2012-2013,METRO,SULLIVAN,49,12/08/2012,INFLUENZA_UNSPECIFIED,0,"(41.7201763, -74.7646796)",36105
2009-2010,METRO,WESTCHESTER,40,10/10/2009,INFLUENZA_A,5,"(41.1527698, -73.745912)",36119
2013-2014,CENTRAL,ONEIDA,9,03/01/2014,INFLUENZA_UNSPECIFIED,0,"(43.2427273, -75.4342824)",36065
2010-2011,WESTERN,LIVINGSTON,44,11/06/2010,INFLUENZA_UNSPECIFIED,0,"(42.7274845, -77.7697795)",36051
2011-2012,NYC,RICHMOND,46,11/19/2011,INFLUENZA_A,0,"(40.5795, -74.1502)",36085
2012-2013,NYC,QUEENS,51,12/22/2012,INFLUENZA_UNSPECIFIED,0,"(40.7282, -73.7949)",36081
2013-2014,CENTRAL,ST LAWRENCE,4,01/25/2014,INFLUENZA_UNSPECIFIED,0,"(44.4881125, -75.074311)",36089
2011-2012,CAPITAL DISTRICT,CLINTON,1,01/07/2012,INFLUENZA_A,0,"(44.7527103, -73.7056478)",36019
2012-2013,NYC,QUEENS,3,01/19/2013,INFLUENZA_B,65,"(40.7282, -73.7949)",36081
2009-2010,WESTERN,CHEMUNG,6,02/13/2010,INFLUENZA_B,0,"(42.1552807, -76.7471788)",36015
2011-2012,CAPITAL DISTRICT,SCHENECTADY,51,12/24/2011,INFLUENZA_UNSPECIFIED,0,"(42.8175421, -74.0435834)",36093
2011-2012,CAPITAL DISTRICT,HAMILTON,10,03/10/2012,INFLUENZA_B,0,"(43.6578786, -74.5024556)",36041
2010-2011,CAPITAL DISTRICT,HAMILTON,46,11/20/2010,INFLUENZA_UNSPECIFIED,0,"(43.6578786, -74.5024556)",36041
2011-2012,METRO,SULLIVAN,3,01/21/2012,INFLUENZA_A,0,"(41.7201763, -74.7646796)",36105
2013-2014,CENTRAL,OSWEGO,19,05/10/2014,INFLUENZA_UNSPECIFIED,0,"(43.4614428, -76.209258)",36075
2010-2011,WESTERN,SCHUYLER,4,01/29/2011,INFLUENZA_B,0,"(42.419776, -76.9386038)",36097
2012-2013,CENTRAL,CAYUGA,19,05/11/2013,INFLUENZA_UNSPECIFIED,0,"(43.0085456, -76.5745866)",36011
2012-2013,CAPITAL DISTRICT,SCHOHARIE,44,11/03/2012,INFLUENZA_A,0,"(42.591294, -74.4381718)",36095
2012-2013,WESTERN,NIAGARA,44,11/03/2012,INFLUENZA_B,0,"(43.203001, -78.71083)",36063
2010-2011,WESTERN,ALLEGANY,8,02/26/2011,INFLUENZA_A,35,"(42.2478938, -78.0261758)",36003
2011-2012,CAPITAL DISTRICT,RENSSELAER,46,11/19/2011,INFLUENZA_A,0,"(42.7104206, -73.5138454)",36083
2009-2010,CENTRAL,OSWEGO,48,12/05/2009,INFLUENZA_A,2,"(43.4614428, -76.209258)",36075
2013-2014,CAPITAL DISTRICT,SCHOHARIE,8,02/22/2014,INFLUENZA_B,0,"(42.591294, -74.4381718)",36095
2013-2014,WESTERN,CATTARAUGUS,15,04/12/2014,INFLUENZA_A,0,"(42.2448527, -78.6810055)",36009
2011-2012,CENTRAL,ST LAWRENCE,8,02/25/2012,INFLUENZA_UNSPECIFIED,0,"(44.4881125, -75.074311)",36089
2012-2013,NYC,RICHMOND,17,04/27/2013,INFLUENZA_B,0,"(40.5795, -74.1502)",36085
2011-2012,METRO,NASSAU,4,01/28/2012,INFLUENZA_UNSPECIFIED,0,"(40.7506561, -73.582905)",36059
2009-2010,METRO,SULLIVAN,2,01/16/2010,INFLUENZA_A,2,"(41.7201763, -74.7646796)",36105
2012-2013,CAPITAL DISTRICT,OTSEGO,47,11/24/2012,INFLUENZA_UNSPECIFIED,0,"(42.6297762, -75.028841)",36077
2010-2011,CAPITAL DISTRICT,HAMILTON,48,12/04/2010,INFLUENZA_B,0,"(43.6578786, -74.5024556)",36041
2012-2013,WESTERN,ALLEGANY,51,12/22/2012,INFLUENZA_UNSPECIFIED,0,"(42.2478938, -78.0261758)",36003
2011-2012,NYC,RICHMOND,20,05/19/2012,INFLUENZA_A,1,"(40.5795, -74.1502)",36085
2011-2012,CAPITAL DISTRICT,MONTGOMERY,19,05/12/2012,INFLUENZA_B,0,"(42.9008912, -74.4353575)",36057
2009-2010,CENTRAL,TIOGA,2,01/16/2010,INFLUENZA_B,0,"(42.1256, -76.3637)",36107
2013-2014,WESTERN,LIVINGSTON,50,12/14/2013,INFLUENZA_UNSPECIFIED,0,"(42.7274845, -77.7697795)",36051
2009-2010,NYC,BRONX,49,12/12/2009,INFLUENZA_UNSPECIFIED,0,"(40.8448, -73.8648)",36005
2011-2012,CAPITAL DISTRICT,RENSSELAER,42,10/22/2011,INFLUENZA_B,0,"(42.7104206, -73.5138454)",36083
2011-2012,CENTRAL,ST LAWRENCE,18,05/05/2012,INFLUENZA_B,1,"(44.4881125, -75.074311)",36089
2010-2011,WESTERN,CATTARAUGUS,52,01/01/2011,INFLUENZA_B,0,"(42.2448527, -78.6810055)",36009
2013-2014,METRO,ROCKLAND,44,11/02/2013,INFLUENZA_A,0,"(41.1547851, -74.0247721)",36087
2011-2012,CAPITAL DISTRICT,FULTON,3,01/21/2012,INFLUENZA_A,0,"(43.1156093, -74.4236782)",36035
2010-2011,CENTRAL,CHENANGO,43,10/30/2010,INFLUENZA_B,0,"(42.489732, -75.6049051)",36017
2011-2012,WESTERN,NIAGARA,6,02/11/2012,INFLUENZA_A,0,"(43.203001, -78.71083)",36063
2012-2013,CENTRAL,CHENANGO,48,12/01/2012,INFLUENZA_A,6,"(42.489732, -75.6049051)",36017
2011-2012,WESTERN,GENESEE,44,11/05/2011,INFLUENZA_UNSPECIFIED,0,"(43.0009096, -78.1927784)",36037
2011-2012,METRO,SUFFOLK,46,11/19/2011,INFLUENZA_UNSPECIFIED,0,"(40.943554, -72.6922184)",36103
2011-2012,WESTERN,STEUBEN,12,03/24/2012,INFLUENZA_B,0,"(42.2667252, -77.3855253)",36101
2009-2010,WESTERN,NIAGARA,1,01/09/2010,INFLUENZA_B,0,"(43.203001, -78.71083)",36063
2009-2010,WESTERN,WAYNE,4,01/30/2010,INFLUENZA_B,0,"(43.202, -77.0104)",36117
2012-2013,CAPITAL DISTRICT,SCHOHARIE,18,05/04/2013,INFLUENZA_UNSPECIFIED,0,"(42.591294, -74.4381718)",36095
2009-2010,CENTRAL,MADISON,44,11/07/2009,INFLUENZA_B,0,"(42.9100255, -75.6635749)",36053
2013-2014,WESTERN,LIVINGSTON,5,02/01/2014,INFLUENZA_B,0,"(42.7274845, -77.7697795)",36051
2013-2014,CENTRAL,ST LAWRENCE,12,03/22/2014,INFLUENZA_A,2,"(44.4881125, -75.074311)",36089
2009-2010,CAPITAL DISTRICT,HAMILTON,50,12/19/2009,INFLUENZA_A,0,"(43.6578786, -74.5024556)",36041
2013-2014,CENTRAL,CORTLAND,41,10/12/2013,INFLUENZA_UNSPECIFIED,0,"(42.5938237, -76.0762647)",36023
2012-2013,CAPITAL DISTRICT,FULTON,19,05/11/2013,INFLUENZA_B,0,"(43.1156093, -74.4236782)",36035
2010-2011,METRO,ROCKLAND,51,12/25/2010,INFLUENZA_B,0,"(41.1547851, -74.0247721)",36087
2010-2011,WESTERN,WYOMING,4,01/29/2011,INFLUENZA_UNSPECIFIED,0,"(42.7013627, -78.2285667)",36121
2009-2010,METRO,NASSAU,18,05/08/2010,INFLUENZA_A,2,"(40.7506561, -73.582905)",36059
2012-2013,METRO,NASSAU,19,05/11/2013,INFLUENZA_A,3,"(40.7506561, -73.582905)",36059
2012-2013,CAPITAL DISTRICT,HAMILTON,45,11/10/2012,INFLUENZA_UNSPECIFIED,0,"(43.6578786, -74.5024556)",36041
2009-2010,WESTERN,CATTARAUGUS,15,04/17/2010,INFLUENZA_A,0,"(42.2448527, -78.6810055)",36009
2012-2013,METRO,ORANGE,19,05/11/2013,INFLUENZA_UNSPECIFIED,0,"(41.4024096, -74.3062522)",36071
2010-2011,CENTRAL,ST LAWRENCE,47,11/27/2010,INFLUENZA_UNSPECIFIED,0,"(44.4881125, -75.074311)",36089